calisan_id;telefon_tur_id;dep_id;sehir_id;dogumtarihi;maas
1;1;1;3;1985-04-22;9477
2;1;2;2;1979-05-02;11331
3;3;2;4;1979-11-02;11679
4;3;2;1;1987-02-03;5206
5;2;2;2;1987-10-22;8670
6;3;2;2;1987-06-11;5875
7;2;2;2;1992-10-25;5828
8;2;1;1;1976-08-13;13114
9;2;2;3;1981-02-21;9273
10;2;2;2;1996-03-17;5361
11;2;2;2;1991-12-17;5704
12;2;2;2;1986-09-12;8004
13;2;1;1;1984-11-21;7901
14;3;1;4;1989-05-30;3546
15;2;1;4;1988-03-14;4052
16;2;1;4;1990-05-12;5769
17;2;2;2;1987-11-04;8390
18;3;2;3;1969-06-13;14490
19;2;3;2;1987-01-15;5051
20;2;4;2;1979-11-28;10187
21;2;2;4;1996-03-20;5025
22;3;2;1;1973-01-21;18123
23;2;2;4;1969-08-12;18616
24;2;2;1;1984-06-08;7511
25;2;3;2;1980-11-27;12738
26;4;2;2;1995-03-30;3063
27;2;2;3;1992-04-07;4995
28;2;5;4;1993-01-24;4011
29;3;1;4;1989-05-31;4753
30;3;5;2;1983-09-01;9039
31;3;1;2;1988-07-14;5312
32;2;2;2;1993-03-20;6918
33;4;2;2;1989-09-06;4585
34;3;5;4;1976-05-02;12791
35;2;5;2;1989-01-26;5922
36;2;2;2;1987-07-19;5566
37;3;2;2;1980-06-19;9104
38;2;2;1;1979-11-03;9117
39;3;1;4;1986-04-03;9376
40;2;1;3;1992-01-05;3173
41;4;1;1;1989-12-29;5083
42;3;5;4;1988-02-07;7499
43;2;2;2;1986-09-04;7868
44;4;1;4;1997-07-25;3851
45;3;1;2;1976-02-08;12834
46;2;2;3;1992-05-06;6715
47;3;2;2;1981-03-17;11330
48;3;5;4;1975-02-03;8939
49;1;5;4;1983-10-09;6809
50;2;2;3;1983-08-27;9196
51;3;2;3;1970-11-25;18763
52;3;2;2;1988-08-09;7345
53;3;2;4;1986-12-14;8092
54;2;2;4;1975-07-18;11583
55;4;2;3;1996-08-16;5223
56;3;5;4;1989-11-16;4442
57;1;2;1;1985-05-21;9526
58;1;2;4;1992-07-13;4789
59;2;2;2;1987-01-02;7337
60;2;5;2;1984-02-02;7767
61;2;2;4;1988-09-07;5316
62;3;2;2;1974-05-08;12502
63;4;5;2;1995-01-23;3588
64;2;1;2;1979-11-07;11148
65;2;1;1;1986-07-20;8654
66;3;2;1;1982-10-22;11496
67;3;2;2;1991-08-04;6871
68;3;2;2;1991-11-02;7542
69;3;4;2;1975-04-08;16678
70;3;5;2;1992-02-17;4333
71;2;2;4;1991-11-04;7105
72;2;2;2;1982-12-01;9583
73;1;2;2;1984-03-17;8166
74;3;2;1;1986-07-26;9162
75;3;1;4;1975-12-19;14761
76;3;2;1;1979-08-16;10565
77;2;5;2;1981-09-13;9168
78;2;5;4;1989-12-02;4428
79;2;2;2;1996-08-12;4452
80;2;2;4;1969-05-24;15390
81;3;5;2;1990-02-25;5512
82;1;5;2;1991-08-01;5249
83;4;2;4;1992-05-13;7404
84;3;3;2;1988-07-27;9063
85;1;5;4;1985-10-13;7720
86;3;5;4;1995-07-13;3139
87;3;2;4;1972-09-30;13903
88;2;2;2;1978-06-15;13728
89;3;5;2;1984-09-04;6235
90;2;3;2;1980-09-20;7435
91;4;2;4;1984-02-05;6785
92;1;2;2;1972-07-16;13823
93;1;2;1;1990-01-28;7474
94;3;2;2;1982-08-31;7438
95;1;1;2;1990-09-24;5634
96;3;3;4;1984-01-09;8823
97;4;1;2;1990-02-04;3587
98;2;2;2;1988-12-25;6244
99;2;1;2;1995-07-30;4901
100;4;2;2;1985-05-16;7973
101;4;2;3;1993-01-19;7208
102;1;2;4;1984-06-09;8826
103;2;2;4;1981-04-28;7512
104;2;2;2;1984-01-06;9236
105;2;4;1;1983-08-20;13364
106;2;2;3;1993-04-29;4167
107;3;2;2;1979-04-12;11764
108;4;2;2;1979-10-27;10364
109;2;2;2;1975-04-11;11459
110;2;2;3;1980-06-16;7243
111;3;2;2;1991-01-27;4190
112;2;2;4;1990-07-26;6685
113;1;3;2;1993-07-13;5339
114;2;1;3;1974-07-02;13536
115;3;2;2;1991-02-24;7520
116;2;2;2;1976-06-09;14874
117;3;2;2;1983-12-23;9709
118;4;5;2;1977-12-27;10391
119;2;5;4;1997-07-05;3684
120;3;1;4;1991-06-11;3027
121;3;2;4;1997-09-12;4116
122;2;2;4;1984-07-21;5121
123;2;2;3;1987-08-11;7262
124;1;3;2;1990-11-03;5773
125;3;2;2;1980-07-14;11546
126;4;5;2;1988-04-22;5501
127;2;2;2;1983-02-15;7126
128;1;2;4;1985-06-16;7226
129;2;4;4;1982-10-29;11817
130;2;1;4;1983-11-15;8940
131;2;1;4;1991-01-30;3793
132;3;2;2;1974-07-15;14034
133;2;2;3;1992-03-05;7387
134;2;2;2;1996-11-05;3207
135;3;1;2;1988-06-16;6342
136;2;5;4;1981-10-14;10791
137;2;2;4;1984-11-25;6815
138;1;2;4;1993-02-09;7679
139;2;5;4;1985-03-08;6418
140;3;5;4;1991-03-16;4518
141;2;2;3;1991-09-05;6689
142;4;2;2;1978-02-07;11592
143;2;2;2;1978-04-07;14772
144;1;2;4;1991-08-20;5196
145;2;5;2;1992-06-13;4563
146;2;2;2;1984-07-18;5819
147;4;1;3;1978-08-28;13900
148;4;2;2;1987-01-11;8275
149;4;2;4;1988-08-17;6757
150;2;2;2;1989-10-20;6020
151;3;2;1;1994-02-19;5444
152;1;1;3;1992-03-15;4438
153;2;3;2;1993-12-01;4986
154;4;2;1;1980-08-12;11371
155;1;2;3;1977-07-19;14691
156;2;3;2;1981-12-13;8049
157;3;2;2;1991-03-07;5150
158;2;1;4;1983-09-26;8610
159;1;2;3;1987-03-22;6989
160;3;3;3;1975-03-17;14957
161;2;1;3;1985-07-20;4146
162;2;2;4;1973-09-30;19322
163;4;5;4;1975-04-17;9218
164;3;5;2;1993-07-31;5333
165;4;1;4;1975-07-30;13438
166;2;2;4;1987-02-02;5932
167;2;3;2;1987-01-14;6262
168;2;2;2;1986-07-10;7626
169;3;2;1;1979-05-13;10791
170;3;5;2;1995-08-22;4841
171;3;1;4;1990-09-02;5554
172;2;2;2;1980-10-17;7050
173;3;2;1;1984-12-08;5347
174;2;1;2;1977-03-22;10915
175;3;2;3;1984-05-11;7020
176;2;2;2;1985-10-27;6541
177;1;1;4;1980-11-09;6523
178;2;1;2;1993-08-19;3975
179;2;2;2;1981-08-30;11698
180;3;2;4;1987-11-27;7169
181;2;2;2;1982-09-20;11519
182;4;2;1;1986-04-26;6365
183;3;1;3;1995-04-18;4765
184;2;3;4;1989-01-29;6383
185;3;5;2;1982-09-18;7104
186;2;2;2;1994-03-06;3450
187;2;2;2;1994-04-05;3017
188;2;2;2;1998-05-26;4310
189;2;4;2;1969-07-06;22669
190;3;2;2;1989-04-28;6229
191;2;5;2;1985-05-17;6507
192;2;3;2;1991-03-19;5888
193;2;2;2;1969-05-08;12806
194;3;5;2;1991-02-28;5742
195;2;2;2;1988-10-17;9228
196;3;5;2;1993-09-05;4104
197;3;2;4;1992-12-25;7842
198;4;5;4;1991-01-26;5581
199;2;2;2;1977-12-24;12562
200;3;2;2;1984-11-05;7424
201;4;2;3;1981-12-21;7172
202;3;2;3;1970-05-12;18239
203;3;2;3;1986-01-12;9446
204;3;2;2;1989-07-04;4275
205;3;2;2;1991-11-26;7890
206;4;5;4;1974-04-10;9710
207;3;2;4;1979-10-14;10936
208;2;1;2;1984-07-31;7490
209;2;1;2;1992-03-18;3160
210;2;2;2;1988-02-12;7487
211;2;3;1;1980-01-03;7973
212;2;2;4;1983-02-21;11017
213;3;5;4;1987-03-13;5835
214;2;2;3;1984-12-31;7292
215;1;5;2;1977-11-04;13370
216;2;4;2;1978-07-13;10402
217;4;5;4;1975-04-20;13366
218;3;2;2;1985-02-11;5973
219;2;2;2;1970-01-10;19151
220;2;2;2;1973-05-26;16375
221;3;5;2;1984-03-01;5036
222;2;2;2;1978-05-11;12286
223;3;5;2;1984-03-14;7591
224;2;5;4;1982-11-07;10162
225;2;2;2;1988-01-24;6509
226;3;2;1;1980-08-02;11884
227;2;2;4;1986-06-07;6394
228;2;5;4;1994-09-06;4975
229;1;2;2;1977-03-04;10919
230;1;1;3;1988-06-28;5729
231;1;1;4;1975-07-05;9507
232;3;5;4;1989-11-28;5328
233;4;2;1;1979-08-26;8355
234;3;2;2;1979-11-01;8885
235;2;2;2;1984-09-07;6388
236;3;2;2;1984-11-29;8333
237;2;2;2;1977-07-16;10363
238;4;2;2;1993-06-21;5887
239;3;5;4;1977-07-28;12458
240;2;2;2;1988-02-18;6520
241;1;2;2;1988-06-22;5877
242;3;5;4;1993-08-12;4684
243;2;5;4;1987-08-27;7272
244;1;5;2;1991-07-22;4407
245;3;2;1;1986-10-05;5667
246;4;1;3;1990-10-12;3587
247;4;2;4;1974-03-12;14655
248;3;2;4;1988-08-26;6115
249;2;5;2;1988-04-15;5467
250;2;2;1;1987-09-17;7273
251;4;5;2;1976-11-06;8404
252;2;2;3;1990-06-11;4189
253;4;2;2;1978-11-20;14881
254;3;2;4;1985-01-06;9917
255;4;2;2;1992-04-11;7073
256;3;2;2;1985-02-03;9984
257;2;5;4;1998-04-26;4792
258;2;2;2;1996-03-13;5619
259;4;2;3;1992-02-28;6123
260;4;2;2;1988-04-28;6420
261;4;1;4;1992-07-15;4437
262;3;2;2;1970-04-01;16789
263;3;2;4;1987-12-19;8859
264;2;2;1;1991-03-07;5428
265;3;4;1;1969-04-20;17478
266;3;1;1;1976-07-01;10690
267;2;1;4;1989-01-20;4334
268;2;2;2;1983-11-10;9753
269;3;2;4;1993-11-12;4692
270;1;2;2;1983-11-07;9383
271;2;5;4;1977-01-20;8446
272;3;2;2;1988-10-24;7386
273;3;1;2;1986-07-17;4206
274;2;2;2;1976-09-06;12639
275;2;2;2;1978-03-15;14394
276;4;1;2;1986-12-11;8804
277;3;2;2;1980-11-11;8261
278;3;2;2;1974-10-29;12104
279;3;2;2;1996-09-04;4352
280;2;1;4;1984-04-16;4360
281;3;3;2;1986-11-23;5371
282;3;2;2;1993-11-15;5587
283;2;2;4;1985-05-30;8922
284;2;5;4;1980-02-01;7693
285;2;2;3;1991-08-12;4056
286;2;2;1;1986-04-29;6284
287;2;1;1;1989-10-12;3214
288;3;2;1;1988-04-07;7195
289;2;3;2;1994-02-08;3286
290;1;2;3;1972-07-12;12181
291;2;5;4;1984-12-09;7234
292;3;2;3;1976-01-20;13439
293;2;2;3;1986-10-11;8292
294;2;1;2;1989-10-03;4083
295;4;2;4;1990-12-26;4450
296;2;2;4;1991-12-21;6191
297;4;2;2;1979-10-28;8805
298;2;1;4;1988-01-27;8458
299;2;1;2;1992-01-13;5425
300;1;5;2;1980-11-11;7605
301;2;2;2;1987-07-24;7769
302;1;2;2;1980-08-25;11828
303;2;1;1;1993-12-23;5312
304;2;1;2;1987-06-20;8098
305;4;4;4;1978-08-13;16253
306;2;3;4;1987-06-06;4878
307;2;2;4;1991-03-06;7317
308;3;5;4;1976-12-27;8357
309;3;2;2;1982-07-16;10531
310;3;4;3;1980-01-13;8633
311;2;5;4;1986-12-18;7749
312;1;2;4;1992-10-30;4543
313;4;2;3;1986-12-30;7136
314;2;2;4;1994-09-30;5948
315;3;2;4;1984-11-13;8970
316;2;1;2;1978-04-20;12060
317;2;5;4;1989-04-26;5139
318;4;2;3;1989-07-05;4102
319;3;3;2;1982-07-12;7694
320;2;2;3;1996-02-19;3122
321;3;2;1;1998-11-18;4015
322;3;5;4;1992-03-10;5744
323;2;2;2;1984-02-10;9418
324;2;5;2;1977-03-03;13764
325;3;1;2;1996-11-09;4759
326;3;2;2;1993-04-03;7537
327;3;5;4;1992-04-30;4921
328;3;3;4;1981-07-23;10789
329;2;1;4;1978-02-21;10417
330;2;5;2;1996-08-15;3095
331;3;2;2;1988-11-28;9733
332;3;3;1;1992-03-10;4730
333;2;2;3;1983-08-30;10824
334;3;2;2;1981-07-23;7847
335;3;2;2;1981-05-27;7536
336;2;2;3;1989-07-30;4767
337;3;2;2;1995-11-16;3909
338;3;4;2;1991-11-07;9106
339;4;2;4;1997-07-19;3740
340;1;1;4;1992-09-08;5705
341;2;2;2;1981-11-28;10727
342;3;2;3;1988-12-08;6546
343;2;2;2;1990-02-14;6034
344;2;3;3;1991-05-12;6105
345;3;1;2;1980-07-01;8238
346;3;2;2;1991-12-05;6520
347;3;1;3;1986-09-23;6131
348;2;2;2;1973-08-07;18461
349;3;2;2;1998-12-15;3551
350;3;2;1;1993-10-11;4192
351;3;2;2;1987-12-23;9905
352;3;2;1;1987-09-02;6773
353;3;2;3;1976-09-12;12038
354;4;1;2;1985-09-18;7665
355;3;2;2;1986-02-11;7326
356;1;1;4;1991-01-31;4009
357;3;2;3;1990-01-22;7700
358;3;2;2;1996-04-19;5952
359;3;1;2;1988-08-21;8805
360;2;1;2;1984-11-06;7953
361;3;2;4;1993-05-26;4993
362;3;2;1;1983-10-23;10296
363;3;2;4;1976-10-25;14818
364;3;1;2;1992-10-11;5208
365;2;5;4;1986-02-07;6517
366;2;2;1;1978-08-04;10680
367;2;2;1;1985-12-29;7539
368;3;1;1;1992-03-24;4315
369;3;5;4;1978-08-21;10080
370;2;1;4;1986-08-26;8856
371;4;2;1;1989-10-17;6415
372;2;5;2;1991-12-05;4183
373;2;5;2;1991-01-25;4085
374;3;2;2;1983-11-01;10427
375;2;2;1;1978-08-26;11976
376;2;4;2;1995-04-07;6549
377;2;2;2;1997-06-18;5835
378;4;2;2;1981-08-06;8107
379;3;5;4;1982-05-11;10792
380;3;1;4;1990-07-15;4394
381;1;2;2;1981-05-26;8468
382;3;2;2;1992-07-29;7135
383;2;2;3;1975-07-18;10348
384;3;1;1;1992-11-01;3894
385;2;1;1;1978-11-11;14504
386;4;2;2;1987-05-11;6841
387;2;5;4;1978-04-02;12781
388;1;2;4;1985-01-13;9287
389;4;2;4;1991-04-15;7662
390;4;2;3;1987-11-25;8024
391;4;2;4;1982-03-14;11981
392;3;1;3;1981-12-17;8554
393;1;2;2;1985-12-19;7568
394;2;3;4;1993-08-21;6657
395;3;2;1;1981-04-24;9715
396;3;2;1;1987-01-24;9404
397;2;2;4;1998-04-25;3645
398;3;2;4;1986-10-30;5557
399;3;5;2;1989-10-25;4841
400;3;1;1;1992-07-28;3683
401;2;1;4;1980-02-17;7192
402;2;2;4;1984-10-12;5697
403;4;2;2;1983-09-17;9869
404;2;5;4;1989-11-09;4471
405;1;3;3;1991-12-16;6017
406;3;2;1;1986-03-20;5703
407;4;4;2;1978-10-30;10787
408;2;1;1;1981-06-15;10614
409;3;1;2;1984-11-24;6457
410;1;4;2;1987-06-01;11952
411;3;2;1;1981-11-05;8359
412;1;5;4;1984-11-17;6868
413;3;2;2;1971-02-12;19221
414;2;2;1;1985-06-02;6666
415;2;2;2;1994-09-06;3837
416;3;5;4;1995-09-19;4722
417;2;2;2;1976-04-19;13299
418;3;1;1;1995-12-03;3611
419;2;2;3;1980-08-26;7257
420;2;2;2;1996-08-27;3791
421;3;2;2;1981-12-05;11523
422;3;2;4;1976-01-02;10319
423;2;2;2;1974-08-14;14749
424;3;2;3;1993-02-24;5479
425;2;2;3;1987-07-03;5090
426;3;2;4;1985-05-02;6558
427;2;2;2;1986-05-06;6739
428;1;2;4;1972-08-07;19698
429;3;2;2;1991-03-03;6987
430;3;2;2;1995-10-02;4760
431;2;2;2;1973-05-27;15010
432;1;2;1;1984-05-12;9132
433;2;2;2;1997-04-14;3704
434;2;2;2;1981-03-25;9437
435;3;5;2;1984-09-01;7445
436;2;5;4;1984-11-24;7677
437;3;1;1;1979-08-13;11374
438;2;2;3;1978-11-08;10088
439;2;2;1;1983-08-31;11065
440;2;3;4;1983-02-01;10511
441;3;5;4;1989-04-26;5655
442;2;2;3;1995-07-20;5060
443;3;5;4;1992-11-10;4162
444;1;1;2;1985-08-07;9375
445;3;2;2;1986-08-02;7498
446;3;2;3;1990-01-18;7907
447;3;2;2;1984-03-15;5644
448;2;2;4;1979-11-24;8890
449;3;4;2;1975-01-15;12523
450;3;2;4;1984-06-19;7265
451;4;2;2;1987-03-10;7349
452;3;2;2;1969-11-19;12803
453;2;1;3;1980-12-02;11775
454;2;2;2;1993-07-15;6561
455;3;2;1;1987-07-17;7515
456;2;2;4;1996-08-20;4308
457;4;1;2;1987-02-27;8972
458;2;2;4;1988-11-21;5550
459;1;2;1;1987-06-16;9230
460;3;1;1;1996-10-06;3890
461;3;1;4;1980-03-07;10192
462;2;2;1;1989-02-11;5382
463;1;2;2;1998-06-01;4785
464;3;5;2;1986-05-24;6866
465;3;2;2;1989-02-05;6021
466;2;2;4;1991-05-28;4368
467;3;3;1;1989-05-24;4433
468;3;2;4;1976-11-22;14597
469;4;1;4;1993-01-25;3255
470;2;2;2;1992-08-16;6230
471;2;2;3;1982-06-11;7712
472;2;3;4;1993-06-03;5058
473;1;2;2;1984-03-25;6619
474;3;1;2;1993-12-19;4411
475;2;2;1;1992-08-30;4896
476;2;2;2;1993-10-12;4279
477;2;5;2;1987-12-29;7278
478;3;2;2;1972-05-08;18597
479;2;5;2;1977-09-15;11007
480;3;2;2;1993-11-09;5849
481;2;1;4;1977-02-18;11309
482;2;2;1;1978-10-12;10613
483;1;2;2;1981-12-22;11203
484;2;2;4;1992-02-26;4823
485;2;2;2;1981-08-15;9651
486;2;5;2;1981-12-21;8158
487;2;5;2;1982-09-19;10525
488;1;2;1;1973-01-10;18531
489;2;2;1;1984-04-08;8707
490;3;5;2;1986-08-05;6804
491;2;5;2;1991-07-31;4621
492;4;2;3;1981-10-20;8420
493;3;2;2;1998-06-12;4693
494;3;2;2;1998-04-06;5902
495;2;2;2;1985-01-05;6885
496;2;5;4;1988-06-11;7455
497;4;3;4;1989-05-06;5297
498;2;2;2;1979-09-07;11638
499;3;2;3;1974-10-24;10521
500;3;2;2;1980-05-10;8282
501;3;2;1;1980-10-01;10491
502;2;2;3;1986-04-11;8264
503;2;2;2;1975-10-04;10369
504;2;2;4;1983-07-06;8346
505;3;5;2;1990-07-27;5882
506;2;2;4;1990-03-05;4725
507;1;2;1;1986-07-09;8341
508;2;1;1;1986-09-30;8759
509;2;2;1;1981-10-11;11814
510;3;2;2;1979-04-09;7827
511;4;5;4;1991-04-24;4299
512;3;2;4;1989-11-17;4824
513;3;1;4;1977-04-12;13161
514;3;3;2;1979-02-27;10610
515;3;2;4;1988-02-17;5129
516;2;1;3;1978-09-21;10322
517;2;5;4;1992-12-10;4030
518;1;2;1;1993-12-28;7994
519;3;1;3;1981-08-19;11019
520;2;4;4;1996-06-19;5606
521;3;2;1;1976-12-18;10393
522;3;5;2;1986-04-22;6090
523;2;2;2;1974-01-20;11126
524;3;2;4;1982-05-18;11372
525;2;1;1;1985-03-16;6112
526;2;5;2;1988-02-25;7358
527;2;2;2;1971-04-23;18199
528;1;2;2;1988-02-20;7694
529;3;2;2;1993-02-24;6716
530;2;1;2;1989-12-10;3036
531;2;2;2;1974-05-31;12727
532;3;2;2;1981-07-25;9852
533;3;2;4;1989-06-14;5028
534;2;2;1;1985-10-28;6333
535;3;2;3;1987-03-30;7271
536;2;2;3;1986-09-20;5347
537;3;2;1;1993-06-10;6984
538;3;3;2;1983-05-07;9145
539;4;2;1;1978-04-13;12129
540;2;2;2;1990-10-30;7054
541;3;1;3;1978-10-10;11031
542;2;4;3;1989-12-08;7836
543;2;5;2;1979-01-02;7475
544;2;3;2;1990-09-04;6485
545;2;2;2;1987-04-01;9496
546;2;2;2;1989-05-14;7955
547;3;2;3;1981-09-14;10972
548;2;2;4;1988-05-03;7472
549;1;2;2;1981-06-28;9049
550;3;2;3;1995-10-21;3296
551;2;2;4;1993-06-27;7437
552;2;5;4;1987-09-23;6822
553;3;2;2;1970-08-28;12411
554;3;2;2;1973-09-16;16676
555;3;2;4;1984-11-15;8422
556;3;2;2;1987-02-26;5321
557;3;2;2;1976-09-11;10399
558;2;2;1;1995-06-11;4874
559;3;2;2;1987-12-09;9892
560;2;2;2;1993-06-18;7778
561;2;4;4;1976-07-09;17684
562;3;2;2;1973-11-01;17714
563;2;2;2;1977-08-17;12403
564;1;2;4;1989-10-04;7398
565;2;3;2;1991-11-22;4367
566;2;5;4;1987-12-18;7121
567;1;1;2;1987-01-19;6763
568;4;2;2;1991-03-24;7934
569;2;1;1;1988-04-18;6024
570;3;2;4;1986-07-19;6251
571;3;2;2;1969-12-05;15127
572;4;5;2;1975-02-11;8217
573;3;1;4;1978-09-04;13844
574;3;3;3;1983-10-19;10464
575;2;2;2;1988-09-14;7593
576;2;2;4;1990-04-10;5056
577;3;2;4;1977-08-26;11425
578;2;2;2;1986-10-30;9149
579;1;2;3;1984-02-05;5727
580;1;2;3;1976-06-05;12442
581;2;2;2;1992-09-04;6139
582;3;2;3;1973-03-22;19231
583;3;2;4;1977-06-25;12790
584;1;2;2;1986-01-24;8192
585;4;5;2;1976-01-14;12502
586;3;2;1;1985-08-11;5114
587;3;2;2;1985-06-01;5195
588;3;5;4;1987-09-06;5838
589;2;1;2;1997-12-04;3883
590;2;5;2;1979-11-17;8463
591;2;2;4;1989-09-29;4029
592;2;2;3;1988-04-23;8435
593;4;1;3;1988-01-28;4335
594;3;3;2;1994-05-15;3689
595;2;2;1;1980-12-11;7870
596;1;5;4;1985-01-03;6421
597;3;2;2;1981-12-26;11934
598;2;5;4;1987-05-24;7082
599;2;5;2;1986-02-26;5373
600;2;2;3;1990-05-01;7393
601;2;2;2;1992-05-01;7226
602;2;5;4;1985-11-22;7553
603;4;3;2;1987-07-01;7008
604;2;2;4;1993-05-05;4308
605;4;5;4;1993-08-13;4768
606;2;3;2;1979-06-21;8517
607;2;3;2;1980-10-21;10558
608;2;2;2;1970-03-22;13676
609;4;2;3;1982-02-06;7095
610;3;2;2;1988-04-28;5217
611;3;2;2;1992-03-25;5332
612;2;2;2;1990-02-24;6307
613;3;2;1;1985-12-02;8595
614;2;5;2;1993-02-02;5969
615;3;2;4;1993-01-16;5645
616;2;2;4;1988-05-03;6345
617;2;2;3;1979-10-03;11207
618;3;2;2;1990-09-14;4040
619;1;2;2;1974-12-14;11782
620;2;2;4;1981-12-11;11461
621;2;5;2;1975-08-10;13662
622;3;2;1;1971-06-26;14866
623;2;2;2;1992-09-05;4149
624;4;5;4;1991-05-18;4318
625;2;4;2;1976-09-26;16034
626;3;2;3;1996-01-24;5709
627;3;2;2;1987-10-29;6602
628;2;2;2;1995-04-14;3092
629;4;2;4;1972-09-03;19223
630;2;2;2;1987-04-04;6871
631;3;2;2;1987-02-07;5271
632;2;4;4;1978-03-16;18985
633;3;2;3;1997-06-30;5529
634;2;1;1;1991-09-18;5795
635;2;2;4;1979-02-21;9281
636;3;2;1;1988-10-04;9644
637;3;5;2;1987-05-10;5197
638;2;1;4;1981-07-12;7151
639;3;3;2;1992-05-15;6988
640;1;1;1;1988-08-28;5530
641;1;2;2;1973-10-12;14823
642;4;5;2;1993-07-09;5877
643;3;2;2;1985-01-10;9908
644;1;1;2;1988-05-28;5756
645;2;2;2;1987-07-10;8872
646;2;2;1;1987-01-10;6143
647;3;5;4;1995-06-23;4801
648;2;2;3;1969-03-24;18620
649;4;2;3;1984-05-30;9133
650;2;5;2;1984-09-26;7866
651;2;2;4;1983-10-17;10826
652;4;3;2;1978-04-27;14233
653;3;5;4;1993-06-02;5212
654;2;2;4;1982-06-11;11448
655;2;2;3;1993-06-29;5329
656;2;2;2;1984-01-25;7391
657;1;2;2;1980-12-30;11620
658;4;2;1;1984-09-11;6260
659;3;2;4;1978-08-21;10665
660;4;5;4;1990-07-26;5046
661;3;2;1;1997-10-13;4846
662;2;5;2;1997-09-02;3915
663;2;1;2;1990-05-13;5423
664;2;2;4;1980-08-29;10512
665;3;1;4;1992-09-15;5673
666;2;2;3;1980-10-29;7311
667;3;2;2;1991-04-14;5651
668;3;2;4;1986-11-15;9758
669;3;2;4;1981-08-07;11400
670;2;2;3;1981-04-28;8389
671;2;2;4;1971-05-30;14539
672;3;5;4;1990-07-05;5889
673;2;2;3;1977-09-04;11373
674;2;2;4;1996-04-06;3193
675;2;5;2;1988-04-20;7414
676;1;3;4;1990-10-28;4704
677;2;5;4;1998-05-17;3455
678;2;1;4;1988-08-30;8850
679;3;2;2;1987-10-18;9354
680;3;2;2;1983-07-08;7081
681;3;2;1;1978-11-30;11211
682;2;5;2;1986-01-09;5990
683;2;2;2;1969-12-14;16944
684;2;2;2;1990-06-30;5572
685;3;2;2;1983-04-14;7386
686;2;2;2;1985-03-09;9042
687;2;5;2;1975-10-16;14564
688;4;2;2;1989-01-22;4131
689;3;1;1;1992-07-26;4153
690;2;2;2;1984-07-01;9722
691;3;1;4;1985-10-18;7166
692;2;2;1;1981-08-28;11971
693;2;5;4;1993-03-31;5684
694;2;1;2;1986-05-10;8823
695;2;2;1;1991-05-15;5513
696;2;5;4;1993-08-31;5037
697;3;3;2;1989-05-25;6646
698;3;1;4;1982-09-21;8484
699;2;2;2;1986-10-01;9846
700;4;4;2;1987-02-28;9746
701;3;1;3;1995-01-22;3184
702;2;2;1;1982-11-04;9861
703;3;2;3;1988-08-22;5488
704;3;3;2;1998-07-28;3081
705;2;2;2;1996-01-23;3701
706;2;5;2;1992-03-27;5596
707;3;1;2;1980-02-10;11414
708;2;5;2;1992-07-05;4103
709;2;1;2;1992-05-30;4035
710;1;2;2;1982-07-23;11104
711;3;2;4;1986-02-01;8897
712;3;2;2;1990-01-10;6120
713;4;1;2;1993-11-13;5406
714;3;1;2;1983-03-13;7452
715;2;1;4;1993-08-05;3920
716;2;2;4;1989-09-28;7322
717;2;1;3;1983-09-09;6102
718;3;3;2;1998-04-13;3977
719;3;2;2;1986-01-28;7832
720;2;2;2;1992-11-16;4406
721;3;2;2;1991-10-15;6565
722;2;2;3;1987-08-10;8523
723;3;3;2;1988-11-20;7497
724;3;2;3;1986-10-12;6171
725;2;1;2;1979-06-17;10940
726;2;5;4;1991-03-30;5969
727;3;2;1;1993-10-15;4911
728;4;2;3;1983-05-02;9626
729;4;2;3;1979-03-04;7298
730;2;2;1;1981-05-09;10221
731;4;5;4;1989-05-18;4497
732;3;2;3;1981-07-04;8505
733;2;2;2;1993-11-15;4865
734;3;2;1;1988-12-17;5184
735;3;2;4;1979-05-16;9262
736;2;3;4;1975-12-15;14328
737;4;5;4;1983-11-18;8731
738;2;2;1;1984-08-03;8854
739;3;2;4;1988-05-16;9615
740;3;2;2;1993-11-25;6265
741;4;5;2;1990-08-29;4730
742;3;1;2;1991-04-14;4249
743;2;2;4;1977-11-26;12301
744;3;3;2;1993-10-15;4200
745;3;2;4;1971-06-08;15433
746;3;5;2;1976-12-29;11477
747;3;2;2;1986-10-25;7654
748;1;1;2;1983-01-02;7764
749;2;2;1;1974-12-04;12175
750;3;5;4;1978-06-02;9223
751;2;2;3;1982-05-30;10864
752;1;3;2;1985-04-04;7722
753;1;2;2;1993-09-21;4915
754;1;1;4;1979-12-11;10289
755;1;2;3;1973-05-28;13655
756;2;1;3;1990-10-24;4410
757;3;5;2;1986-12-15;5150
758;2;5;2;1991-08-23;4257
759;3;2;2;1989-02-17;7637
760;3;5;2;1977-04-19;8907
761;3;2;2;1981-01-24;9107
762;2;1;1;1977-12-17;14162
763;4;2;4;1993-07-30;5040
764;2;2;1;1993-04-25;5115
765;2;1;4;1991-10-11;5417
766;3;3;4;1974-10-04;15799
767;1;5;4;1980-04-24;8815
768;2;3;2;1986-10-09;6610
769;2;5;2;1991-01-11;4239
770;4;1;4;1993-02-12;3721
771;3;2;1;1986-02-23;8755
772;2;5;2;1983-08-06;9603
773;2;2;2;1995-02-13;3261
774;3;2;3;1973-01-13;15936
775;3;5;2;1978-10-31;11276
776;3;2;2;1989-02-12;6081
777;2;1;2;1984-06-04;4868
778;2;3;4;1990-12-06;4685
779;2;2;4;1988-12-16;7235
780;3;1;2;1988-02-03;7598
781;3;2;2;1997-09-22;4388
782;3;2;4;1977-10-21;12101
783;2;2;2;1997-11-03;3982
784;3;5;4;1991-07-17;5392
785;3;2;3;1969-10-02;17753
786;1;1;1;1983-04-27;6885
787;2;4;2;1977-04-24;17461
788;3;5;4;1992-07-01;4059
789;3;2;2;1974-04-25;10495
790;1;1;4;1990-10-18;4382
791;2;2;2;1978-10-26;10865
792;3;1;4;1987-04-28;5630
793;3;2;1;1985-09-06;6062
794;4;2;1;1987-12-09;7412
795;2;1;4;1979-10-07;10362
796;2;2;4;1993-11-27;6936
797;4;5;4;1974-05-13;10041
798;3;1;1;1989-04-28;5288
799;2;2;3;1982-05-01;11574
800;2;1;2;1986-12-24;5709
801;3;2;3;1991-02-27;5177
802;2;4;4;1975-01-18;12277
803;2;3;2;1987-07-19;8222
804;2;2;2;1984-05-20;9354
805;2;2;4;1977-08-09;12027
806;2;2;2;1981-07-05;11173
807;2;2;2;1991-10-28;5297
808;4;1;4;1974-07-29;12614
809;3;3;2;1982-06-29;13925
810;2;2;1;1987-01-13;8774
811;3;2;4;1988-01-04;8830
812;4;2;2;1985-07-23;8796
813;2;2;2;1990-11-19;4921
814;2;1;2;1980-08-04;6484
815;3;2;2;1991-02-26;5820
816;3;2;2;1971-05-20;13795
817;2;1;3;1979-05-06;11587
818;2;2;4;1980-02-06;8677
819;3;2;4;1978-12-05;12476
820;4;2;2;1984-11-05;6733
821;3;2;1;1977-04-18;13705
822;2;5;2;1984-04-09;5564
823;3;2;4;1994-01-12;5771
824;3;2;2;1969-04-26;13919
825;3;3;4;1996-02-02;4787
826;1;5;2;1998-06-06;4788
827;4;1;2;1996-03-15;4502
828;3;3;3;1997-06-12;3742
829;2;2;2;1984-06-04;7074
830;2;1;3;1994-07-21;4318
831;3;2;2;1982-05-28;9074
832;2;5;2;1989-05-04;4597
833;1;2;2;1981-08-16;8172
834;3;2;3;1978-05-04;12397
835;2;2;3;1996-01-18;3236
836;3;3;3;1988-09-23;6611
837;3;1;4;1985-07-30;7407
838;2;2;2;1971-11-14;15632
839;2;2;2;1989-05-03;5973
840;3;2;2;1994-06-12;4865
841;3;5;2;1991-11-29;6000
842;2;3;4;1985-05-13;8076
843;3;5;2;1976-04-11;8893
844;2;2;2;1980-04-30;9287
845;2;1;3;1986-08-31;9214
846;2;2;2;1987-08-06;5982
847;2;2;2;1981-12-07;10713
848;4;4;2;1978-07-20;18626
849;3;2;1;1973-06-13;14563
850;2;3;4;1989-12-03;4642
851;1;2;4;1977-12-25;10790
852;2;5;2;1986-01-14;5491
853;3;4;2;1976-07-15;17130
854;2;2;2;1972-09-05;13009
855;2;2;2;1985-03-16;5925
856;2;2;2;1976-06-17;11310
857;1;1;4;1990-12-27;3811
858;2;2;2;1973-09-14;19907
859;2;3;2;1990-11-13;6683
860;2;5;4;1977-04-04;11583
861;2;2;2;1987-10-02;9661
862;2;1;4;1987-02-13;8878
863;3;1;2;1976-11-09;12909
864;3;2;2;1992-05-22;6033
865;2;2;1;1992-08-06;7030
866;2;2;2;1975-08-13;10750
867;4;1;1;1988-11-20;9576
868;2;3;2;1992-07-05;6300
869;3;2;2;1970-07-07;15123
870;2;1;4;1990-07-10;4505
871;2;2;2;1982-07-10;11075
872;2;2;4;1992-10-13;5676
873;3;3;2;1986-11-22;7269
874;3;5;4;1980-12-06;7181
875;2;2;4;1989-01-18;4570
876;2;2;3;1987-09-05;5356
877;3;2;1;1996-12-07;5362
878;2;2;3;1988-01-09;9811
879;2;2;2;1982-05-02;7830
880;2;2;2;1982-08-30;8843
881;2;1;2;1985-04-11;7016
882;2;2;3;1990-05-31;6461
883;2;2;2;1970-10-11;14427
884;2;2;1;1990-06-06;6013
885;2;2;3;1985-05-05;9270
886;2;2;2;1993-07-02;5510
887;3;2;2;1975-06-03;10641
888;2;1;4;1988-08-29;6345
889;2;2;3;1973-08-29;16521
890;2;2;2;1994-11-20;4622
891;3;3;4;1979-11-19;15357
892;3;2;4;1997-01-19;4724
893;1;1;3;1991-09-14;4526
894;3;2;2;1991-10-09;6315
895;2;1;2;1981-06-28;6755
896;4;2;2;1991-08-02;4743
897;2;5;4;1985-12-30;5174
898;2;2;1;1996-05-28;4326
899;2;2;2;1990-03-30;4025
900;3;1;2;1988-11-02;6278
901;2;2;2;1982-06-24;7056
902;2;2;2;1983-02-28;8491
903;2;2;1;1983-11-02;8267
904;3;2;3;1998-01-06;3977
905;1;2;4;1987-12-03;6617
906;3;5;4;1990-07-24;5531
907;2;2;1;1985-10-15;8372
908;2;2;1;1975-03-03;13820
909;2;2;2;1986-10-20;8414
910;2;4;2;1974-08-04;13977
911;4;3;1;1992-05-21;4925
912;2;3;2;1983-03-29;14608
913;2;2;2;1971-10-25;14152
914;3;2;2;1981-01-07;9360
915;1;1;2;1978-06-14;14469
916;3;2;4;1983-10-22;7521
917;3;2;4;1979-09-18;8089
918;4;2;1;1986-01-30;6049
919;2;2;2;1979-08-07;7671
920;2;2;2;1989-03-15;4105
921;2;2;4;1995-12-05;5103
922;3;1;2;1974-06-10;12350
923;1;2;2;1980-08-18;10994
924;4;1;3;1988-03-12;7428
925;4;2;3;1985-04-01;9792
926;3;2;1;1998-02-22;4880
927;2;3;4;1990-07-12;4026
928;4;1;4;1988-12-09;4523
929;2;2;2;1985-01-01;5103
930;3;1;1;1991-10-29;5786
931;3;2;2;1982-05-17;10818
932;3;2;3;1985-03-19;7785
933;2;2;1;1981-05-18;9587
934;2;2;1;1985-12-13;9845
935;4;2;4;1992-07-08;4079
936;3;2;3;1988-02-15;5790
937;1;1;4;1989-09-22;4126
938;3;2;2;1981-02-28;11802
939;3;2;4;1984-04-20;7329
940;2;2;3;1986-08-27;7387
941;3;1;1;1998-09-03;4105
942;2;5;2;1977-04-13;14763
943;3;2;1;1975-10-24;12727
944;3;2;4;1987-09-03;6529
945;2;2;2;1977-08-01;11804
946;3;2;2;1984-04-25;9489
947;3;1;4;1990-12-08;4140
948;1;2;2;1987-12-02;8687
949;2;5;2;1989-10-28;4229
950;3;2;3;1979-10-24;8013
951;2;2;2;1985-07-06;6066
952;2;1;1;1991-10-24;5417
953;3;1;4;1987-04-22;4569
954;4;2;2;1984-11-03;9359
955;3;3;1;1982-12-07;8625
956;2;5;2;1986-12-20;7211
957;1;5;2;1976-12-29;9597
958;2;2;1;1975-02-08;13501
959;1;2;2;1980-04-29;8487
960;3;4;2;1973-11-11;24270
961;4;5;4;1989-03-20;4340
962;2;2;1;1985-05-05;9826
963;3;4;2;1981-04-29;10105
964;3;2;2;1981-11-19;10235
965;1;2;2;1989-09-04;5494
966;2;5;2;1988-01-27;6147
967;2;2;4;1997-07-14;5234
968;1;1;3;1991-08-12;3344
969;3;5;4;1986-01-27;7432
970;3;2;2;1986-01-28;7006
971;4;2;2;1987-12-11;5117
972;2;5;4;1992-08-01;5496
973;3;3;1;1986-07-06;5748
974;2;2;1;1988-08-21;9449
975;2;5;2;1985-04-14;6959
976;3;2;1;1976-06-05;13337
977;1;2;3;1981-05-26;8648
978;4;1;2;1985-12-17;9985
979;1;2;2;1997-03-04;3573
980;3;5;2;1976-09-23;12274
981;2;2;2;1985-01-11;5129
982;2;2;2;1980-01-17;7250
983;2;2;2;1982-11-14;7923
984;3;2;3;1983-10-12;8879
985;2;5;2;1977-03-15;10744
986;3;1;2;1993-10-09;3643
987;2;3;2;1991-10-08;5883
988;3;2;3;1981-04-29;8550
989;3;2;1;1992-03-10;4901
990;2;2;4;1974-05-16;13400
991;2;5;4;1986-10-23;5327
992;3;2;2;1974-04-28;14660
993;1;2;2;1980-02-11;9899
994;3;5;2;1974-07-22;8313
995;2;2;3;1990-05-13;4500
996;1;2;2;1978-12-21;11176
997;2;2;3;1993-03-04;4787
998;4;2;1;1970-11-19;18415
999;1;2;2;1989-02-08;5628
1000;1;1;1;1977-11-05;8084
1001;3;2;2;1991-06-02;6840
1002;3;1;3;1992-04-04;4461
1003;3;2;2;1986-11-10;7786
1004;3;2;2;1981-05-19;7920
1005;2;5;2;1990-10-22;5534
1006;3;1;2;1993-12-22;5524
1007;2;5;4;1991-07-20;5712
1008;2;2;4;1993-01-23;4539
1009;3;2;3;1998-12-01;3941
1010;4;2;2;1986-05-10;7042
1011;1;2;4;1988-07-17;8255
1012;2;1;3;1980-04-14;11850
1013;2;5;4;1977-10-12;12153
1014;3;2;2;1990-09-27;7606
1015;3;5;2;1980-09-23;7080
1016;2;2;2;1981-01-13;10876
1017;1;2;2;1986-05-25;9557
1018;4;2;3;1984-02-25;6188
1019;2;2;2;1980-12-13;8228
1020;2;1;2;1986-09-09;8692
1021;4;1;4;1992-05-10;4344
1022;2;2;2;1989-04-05;4633
1023;2;2;2;1981-04-14;8727
1024;2;1;4;1990-07-24;4536
1025;3;5;2;1992-11-12;4023
1026;2;1;2;1997-12-19;3961
1027;4;5;2;1986-02-05;7549
1028;2;1;4;1987-02-05;8751
1029;3;5;2;1994-02-05;4387
1030;1;2;2;1979-05-19;7954
1031;1;2;1;1974-07-10;11942
1032;4;3;4;1979-08-08;8964
1033;3;2;4;1995-07-07;3380
1034;3;2;4;1971-01-29;19502
1035;2;2;4;1990-05-19;5425
1036;3;2;2;1992-06-21;6308
1037;2;1;2;1992-01-30;4270
1038;1;5;2;1977-04-10;8679
1039;3;5;2;1976-09-16;14453
1040;3;2;2;1985-06-27;7086
1041;2;2;2;1986-10-24;6488
1042;4;5;2;1993-01-26;4734
1043;4;2;3;1991-08-23;5137
1044;2;1;2;1987-12-05;9514
1045;2;2;2;1981-04-13;8887
1046;3;1;4;1988-08-05;6668
1047;3;2;2;1972-04-17;17465
1048;2;1;1;1976-12-18;14820
1049;2;2;2;1990-09-04;4282
1050;4;2;4;1973-11-07;12341
1051;2;2;2;1986-07-20;5140
1052;2;2;3;1998-03-30;3806
1053;3;5;4;1989-07-26;5538
1054;2;3;4;1989-12-02;5121
1055;4;2;3;1987-12-25;7014
1056;2;2;1;1978-08-27;13305
1057;2;5;4;1985-10-02;6837
1058;2;2;4;1983-06-06;11814
1059;2;1;3;1991-04-15;5588
1060;1;1;1;1983-10-20;7273
1061;2;2;2;1991-04-01;4510
1062;3;2;2;1980-01-22;8317
1063;3;2;1;1985-11-03;8538
1064;2;2;2;1992-04-15;7385
1065;3;2;1;1992-01-09;6292
1066;2;2;2;1984-07-14;6216
1067;4;2;3;1981-06-26;7531
1068;3;3;2;1981-01-27;9776
1069;3;4;2;1978-10-22;15049
1070;3;1;1;1988-01-15;4710
1071;2;2;2;1976-03-09;14752
1072;1;2;2;1984-11-22;6215
1073;1;2;2;1989-09-24;6011
1074;2;2;2;1986-10-20;5332
1075;3;3;3;1992-05-31;5107
1076;2;5;2;1991-09-21;5089
1077;4;2;2;1994-05-20;4986
1078;2;5;2;1974-11-04;11341
1079;2;2;1;1985-02-28;5914
1080;3;2;4;1988-09-26;9263
1081;3;2;3;1988-12-14;6422
1082;2;1;2;1989-06-11;5443
1083;4;3;4;1982-09-05;11113
1084;2;1;2;1992-05-31;5992
1085;1;2;2;1969-08-18;12186
1086;3;1;4;1997-02-23;3297
1087;2;2;2;1988-02-22;8591
1088;1;1;2;1978-09-15;12471
1089;2;2;3;1987-05-19;7175
1090;2;5;2;1989-05-05;5092
1091;1;3;2;1986-03-01;9932
1092;2;2;2;1975-10-19;13488
1093;3;4;2;1985-04-10;11809
1094;3;2;2;1974-08-17;14476
1095;3;2;4;1972-09-05;18980
1096;1;5;2;1993-06-10;4724
1097;2;3;4;1983-07-07;10569
1098;3;3;2;1980-10-01;8056
1099;2;4;2;1975-09-12;11945
1100;2;1;4;1988-08-20;9347
1101;4;5;2;1993-11-21;4627
1102;3;2;3;1984-01-25;9991
1103;2;2;2;1979-01-26;7701
1104;2;2;2;1988-11-10;6454
1105;4;2;2;1992-12-09;7756
1106;4;5;4;1976-11-06;13623
1107;4;2;2;1986-02-02;8103
1108;2;2;2;1988-03-15;6489
1109;4;3;2;1994-11-30;3903
1110;3;2;2;1994-07-02;3562
1111;2;2;2;1973-08-20;15695
1112;2;3;2;1989-12-29;4158
1113;3;3;2;1974-10-07;15347
1114;2;2;2;1974-04-26;12422
1115;1;2;2;1993-03-16;4443
1116;1;2;2;1979-01-20;9102
1117;2;2;2;1986-12-18;5413
1118;3;2;2;1997-05-16;3905
1119;3;5;2;1992-12-03;5141
1120;1;5;4;1993-07-09;5626
1121;3;4;2;1975-08-24;15141
1122;2;5;4;1975-09-09;10697
1123;4;2;2;1992-05-30;7187
1124;3;2;2;1988-10-13;8926
1125;2;2;2;1979-05-28;8875
1126;1;4;3;1970-01-26;23332
1127;3;2;2;1993-01-31;7895
1128;1;3;4;1988-09-19;4306
1129;2;2;2;1987-05-03;7918
1130;3;5;4;1995-03-29;3481
1131;4;2;2;1984-06-04;8517
1132;3;2;4;1988-03-02;9361
1133;2;4;2;1992-01-18;7967
1134;3;2;1;1998-06-20;3547
1135;4;2;2;1978-08-15;10524
1136;3;5;4;1985-10-03;7940
1137;4;2;2;1979-08-02;9720
1138;2;2;2;1980-02-11;7475
1139;2;2;2;1991-01-02;5828
1140;2;1;4;1989-07-20;3600
1141;3;2;2;1973-12-03;17928
1142;1;2;3;1997-12-29;4998
1143;3;2;4;1990-04-05;6773
1144;2;2;2;1990-01-05;5458
1145;2;2;2;1975-05-31;12464
1146;3;2;3;1970-04-24;15590
1147;2;2;2;1979-01-15;9834
1148;3;2;1;1987-05-25;9512
1149;3;4;2;1972-02-09;20691
1150;2;2;3;1989-07-07;4202
1151;3;2;3;1989-11-29;5246
1152;3;2;3;1992-09-23;7956
1153;2;1;2;1994-10-13;4466
1154;3;2;1;1984-09-27;5511
1155;2;2;4;1996-01-16;5243
1156;2;2;1;1983-02-20;9787
1157;3;2;2;1986-04-08;9121
1158;3;2;2;1981-08-16;8033
1159;3;2;2;1990-02-01;4573
1160;3;2;2;1979-08-17;11333
1161;2;1;2;1976-05-23;8126
1162;3;5;2;1974-07-11;11505
1163;2;1;2;1992-01-19;4234
1164;2;2;2;1993-04-18;4563
1165;1;2;1;1992-02-03;4642
1166;1;2;2;1993-10-19;4228
1167;1;2;2;1994-01-15;4232
1168;2;2;2;1991-10-27;5172
1169;3;5;4;1992-03-05;4287
1170;2;2;2;1997-04-30;5653
1171;2;3;4;1980-01-28;13666
1172;3;2;2;1987-02-07;7331
1173;1;5;4;1976-01-17;8099
1174;2;2;4;1989-08-03;7103
1175;2;2;1;1975-11-02;14043
1176;2;2;4;1971-03-25;18846
1177;2;2;1;1985-04-19;7398
1178;4;2;4;1973-06-07;16200
1179;1;1;1;1987-08-10;8155
1180;1;1;4;1990-12-24;5108
1181;3;2;4;1986-05-08;7988
1182;2;1;2;1981-09-24;10628
1183;3;2;2;1990-10-06;7526
1184;2;2;2;1980-09-15;8035
1185;3;2;2;1976-09-27;11942
1186;3;5;2;1980-04-17;7986
1187;2;3;2;1986-07-19;9001
1188;1;2;1;1975-04-26;10995
1189;1;2;1;1994-03-17;5590
1190;4;2;2;1969-05-14;12211
1191;3;5;4;1985-09-06;5858
1192;3;3;3;1993-07-31;4069
1193;2;1;2;1979-04-24;10465
1194;2;1;4;1987-11-01;8816
1195;2;1;4;1989-07-04;5281
1196;2;1;2;1988-08-08;7147
1197;2;1;1;1997-10-31;4163
1198;3;4;2;1998-08-18;4748
1199;3;2;2;1991-06-20;4222
1200;3;2;2;1993-09-13;4839
1201;3;2;2;1990-11-21;7327
1202;2;1;2;1995-01-15;4907
1203;3;2;3;1986-03-05;8038
1204;3;2;3;1985-06-24;5656
1205;4;2;2;1980-11-25;8537
1206;2;2;4;1987-01-06;8218
1207;2;2;1;1994-03-24;3896
1208;3;4;4;1982-10-16;8410
1209;3;2;4;1969-03-10;17365
1210;4;3;3;1974-06-17;13455
1211;2;2;1;1987-11-18;9677
1212;2;5;2;1981-12-23;6396
1213;3;2;2;1989-08-10;7442
1214;2;1;2;1984-03-28;4469
1215;3;2;4;1974-09-04;14722
1216;2;2;1;1972-10-03;18993
1217;3;2;2;1987-04-28;5754
1218;1;2;1;1975-03-25;11898
1219;1;2;2;1986-09-04;8426
1220;3;5;2;1989-06-29;5753
1221;3;2;1;1971-01-24;18187
1222;3;2;2;1998-11-16;5605
1223;3;2;3;1996-01-01;5466
1224;3;5;2;1989-12-24;5245
1225;2;2;2;1986-11-15;5512
1226;1;2;2;1985-05-20;9363
1227;3;2;2;1992-10-06;4828
1228;3;2;2;1987-10-02;8229
1229;3;2;4;1998-12-19;3453
1230;2;1;1;1992-02-18;3826
1231;1;2;2;1997-09-22;4087
1232;2;2;3;1974-01-05;14196
1233;2;2;4;1990-05-14;5431
1234;2;3;4;1994-09-30;5127
1235;2;2;2;1980-06-11;9986
1236;3;2;4;1990-11-01;4136
1237;2;5;4;1985-02-20;6325
1238;2;5;2;1985-06-01;5540
1239;2;2;3;1982-05-22;11196
1240;3;2;2;1982-06-04;11622
1241;2;3;2;1990-01-04;6623
1242;3;5;2;1987-02-19;5399
1243;1;2;2;1971-05-05;13385
1244;3;2;3;1991-01-12;6743
1245;2;3;4;1992-05-24;6004
1246;2;5;4;1988-10-27;6463
1247;2;2;1;1993-07-05;7933
1248;3;2;4;1993-04-16;7844
1249;1;3;4;1995-04-29;3129
1250;2;2;1;1997-10-21;3150
1251;4;2;2;1973-02-01;13010
1252;2;5;2;1979-06-13;9218
1253;3;2;2;1986-05-07;8128
1254;4;3;2;1986-08-08;6867
1255;4;2;2;1988-08-20;6249
1256;2;2;2;1977-10-18;14876
1257;2;2;1;1981-12-03;10482
1258;2;2;2;1995-06-23;3322
1259;3;2;2;1988-03-01;9561
1260;3;2;2;1992-06-28;7926
1261;3;2;2;1975-03-19;10432
1262;2;3;2;1993-05-09;5972
1263;2;5;2;1985-12-22;5041
1264;2;2;4;1982-10-24;9875
1265;2;2;3;1993-03-28;6094
1266;2;1;3;1984-05-25;6276
1267;2;1;3;1992-04-23;4542
1268;3;2;2;1982-07-08;11712
1269;2;1;2;1990-12-04;5094
1270;4;2;3;1984-05-01;6756
1271;2;2;2;1984-01-24;9345
1272;2;2;2;1991-06-20;4782
1273;3;2;2;1993-05-06;7464
1274;4;3;2;1982-11-24;10558
1275;3;1;2;1993-10-20;3721
1276;4;2;2;1983-02-22;11052
1277;2;3;1;1985-02-08;4929
1278;3;2;2;1979-11-01;8757
1279;2;2;2;1972-06-07;18404
1280;3;2;3;1980-04-30;10110
1281;2;2;4;1994-09-25;5048
1282;4;2;4;1986-11-08;9799
1283;3;1;4;1977-05-05;14186
1284;3;2;1;1983-02-06;11624
1285;2;2;1;1987-09-29;8620
1286;1;2;2;1997-10-17;4226
1287;3;2;2;1979-02-17;8649
1288;3;5;4;1990-05-28;4898
1289;3;2;2;1989-06-13;5730
1290;3;2;2;1977-04-13;13873
1291;3;2;1;1978-08-19;11071
1292;3;2;2;1992-04-18;7936
1293;2;2;4;1974-10-07;12584
1294;3;2;2;1985-03-14;6499
1295;2;1;2;1992-03-16;4984
1296;3;4;2;1983-10-24;8339
1297;2;2;3;1987-10-06;9197
1298;2;1;2;1983-07-10;9609
1299;1;2;2;1986-08-03;5291
1300;2;2;3;1991-02-17;5117
1301;1;1;2;1993-09-29;5806
1302;1;5;4;1976-04-29;10151
1303;3;5;2;1990-09-21;5444
1304;3;2;2;1977-06-19;12229
1305;2;2;2;1990-09-09;6694
1306;3;2;4;1987-06-02;8061
1307;2;2;2;1987-06-11;7396
1308;2;2;4;1997-06-10;4516
1309;2;5;4;1974-08-29;11791
1310;4;2;4;1991-10-30;5217
1311;3;3;1;1986-03-06;4091
1312;2;3;2;1989-01-27;5232
1313;2;1;2;1993-09-13;5015
1314;1;5;4;1996-10-16;3926
1315;2;1;3;1988-09-29;5512
1316;2;2;2;1981-06-11;9518
1317;4;2;4;1983-07-08;8986
1318;3;2;3;1990-05-31;4785
1319;3;2;4;1986-07-07;7784
1320;2;1;2;1984-02-19;8263
1321;2;2;4;1988-04-10;5348
1322;2;2;2;1988-06-04;9736
1323;2;2;2;1991-05-10;4929
1324;2;5;2;1990-11-19;5680
1325;2;2;2;1985-05-18;5760
1326;2;2;2;1984-06-04;6557
1327;3;2;2;1989-07-16;7477
1328;3;2;2;1995-05-30;5277
1329;3;5;4;1975-11-27;8119
1330;2;2;2;1988-09-10;8262
1331;4;2;2;1996-01-20;5307
1332;2;2;2;1992-01-05;7491
1333;3;2;3;1983-04-03;9042
1334;3;2;2;1980-12-03;7860
1335;3;2;3;1993-03-18;7458
1336;2;5;2;1974-03-01;13055
1337;4;2;3;1971-10-28;16761
1338;1;2;2;1976-01-17;11924
1339;3;2;2;1986-05-10;7931
1340;2;2;4;1996-11-05;3816
1341;3;2;3;1988-08-30;7080
1342;2;2;4;1976-04-30;12483
1343;2;5;4;1993-06-07;4186
1344;2;2;2;1984-04-16;5564
1345;3;2;3;1971-05-07;14072
1346;2;2;4;1989-09-30;6789
1347;2;2;4;1976-04-28;12253
1348;1;2;2;1998-10-18;5590
1349;3;2;2;1976-10-01;11044
1350;2;1;3;1989-05-25;5725
1351;2;2;4;1972-05-27;14127
1352;3;1;3;1989-04-01;4947
1353;1;2;2;1984-04-29;9533
1354;3;1;1;1986-04-07;8025
1355;2;2;4;1984-09-04;5203
1356;3;2;2;1993-12-21;6976
1357;2;2;2;1983-08-31;10272
1358;2;2;1;1991-02-24;7589
1359;3;2;4;1993-01-19;7153
1360;2;2;2;1992-03-14;6379
1361;2;2;3;1973-12-25;14160
1362;3;2;2;1995-04-08;3023
1363;4;2;2;1992-07-18;5510
1364;4;5;2;1985-04-15;5747
1365;3;5;4;1986-12-12;6914
1366;2;4;1;1974-08-06;13807
1367;3;5;4;1992-03-21;5716
1368;1;1;2;1986-12-05;6349
1369;2;1;2;1990-09-10;3579
1370;1;2;4;1979-03-04;8808
1371;2;2;2;1973-01-20;17597
1372;3;2;1;1971-05-21;15811
1373;1;2;2;1990-09-29;6386
1374;2;1;1;1985-08-25;5869
1375;3;2;4;1979-05-18;7277
1376;2;1;1;1994-06-23;3500
1377;1;5;2;1980-05-11;7799
1378;3;2;4;1993-03-01;7393
1379;2;2;4;1989-03-05;7248
1380;3;2;2;1970-05-01;14253
1381;3;2;4;1993-11-26;7374
1382;4;2;3;1993-03-30;5721
1383;3;1;4;1991-05-25;3595
1384;2;2;2;1978-03-06;11043
1385;1;2;2;1972-06-09;19093
1386;2;5;2;1983-06-20;7639
1387;2;1;3;1991-11-16;3599
1388;3;3;2;1982-09-07;12466
1389;1;5;4;1978-01-06;9081
1390;2;2;1;1993-04-16;6712
1391;3;2;4;1985-06-07;5583
1392;2;4;2;1977-03-09;16553
1393;1;2;2;1989-11-06;6502
1394;2;4;4;1982-07-24;9690
1395;3;1;4;1989-07-02;5929
1396;3;2;4;1969-08-07;17481
1397;2;5;4;1980-12-24;6481
1398;3;1;1;1992-07-10;5084
1399;3;2;2;1992-01-11;4498
1400;2;2;4;1991-02-04;4799
1401;1;3;4;1990-03-05;6579
1402;1;3;2;1975-03-30;15646
1403;3;3;4;1994-09-13;3239
1404;3;2;1;1988-10-20;7343
1405;3;2;3;1993-10-16;5294
1406;3;2;2;1990-08-23;7094
1407;3;2;2;1987-06-11;9033
1408;2;5;4;1993-04-17;4023
1409;2;2;1;1994-08-21;3244
1410;2;3;4;1992-06-30;4203
1411;4;2;2;1993-06-28;7807
1412;2;2;2;1988-02-23;6838
1413;3;2;2;1991-05-01;5271
1414;2;5;4;1977-09-18;12707
1415;3;3;4;1991-02-21;5941
1416;4;2;3;1992-06-12;7324
1417;2;2;2;1993-12-05;6176
1418;2;1;3;1992-10-27;3195
1419;2;2;4;1980-07-29;11690
1420;2;2;2;1991-06-21;5452
1421;2;2;3;1972-02-04;15959
1422;3;2;2;1987-11-18;9374
1423;2;5;4;1989-10-12;5839
1424;2;5;2;1990-09-16;4736
1425;2;2;3;1975-09-02;11583
1426;2;2;1;1982-11-21;10299
1427;3;5;2;1981-03-21;7950
1428;2;1;3;1986-05-07;5304
1429;3;5;4;1984-11-14;7880
1430;1;2;3;1993-08-12;7813
1431;3;2;1;1990-08-05;5543
1432;1;2;1;1988-05-26;7637
1433;3;3;2;1994-10-11;5754
1434;2;2;2;1982-11-16;9176
1435;2;2;2;1992-01-02;6081
1436;1;2;2;1994-02-09;4363
1437;3;2;2;1991-07-16;7290
1438;2;4;2;1975-10-28;13511
1439;2;2;2;1997-10-10;4944
1440;3;5;4;1974-08-30;8585
1441;2;2;1;1978-07-03;11189
1442;2;2;3;1987-04-02;8366
1443;3;2;4;1982-12-03;9913
1444;4;3;4;1982-09-19;10290
1445;3;2;1;1982-03-18;7144
1446;2;2;2;1979-02-08;7962
1447;2;1;1;1991-08-11;3835
1448;2;2;4;1974-05-12;13126
1449;1;1;2;1990-05-26;5587
1450;2;2;2;1981-03-28;11041
1451;2;3;2;1988-12-04;4691
1452;2;5;4;1998-03-07;3441
1453;3;3;1;1981-10-06;15295
1454;3;1;2;1992-09-06;4153
1455;4;2;1;1998-04-07;5122
1456;3;2;2;1989-10-25;7053
1457;2;1;2;1993-11-22;3736
1458;3;2;2;1981-10-21;9528
1459;2;2;1;1979-09-05;9838
1460;3;5;4;1984-10-20;5640
1461;3;2;1;1983-07-01;10969
1462;2;2;2;1981-05-18;11404
1463;2;2;3;1981-05-31;9270
1464;3;2;2;1979-12-10;10070
1465;2;5;4;1984-12-31;7661
1466;2;2;3;1995-01-10;5171
1467;2;3;4;1979-10-02;14459
1468;4;5;2;1993-03-18;4569
1469;3;2;2;1994-11-27;4658
1470;4;3;3;1992-07-07;5165
1471;2;5;4;1991-11-07;5878
1472;2;1;1;1989-04-14;3527
1473;2;2;4;1996-07-06;5189
1474;3;2;3;1985-12-02;5897
1475;2;5;4;1979-11-09;6660
1476;2;2;2;1986-08-02;5211
1477;2;2;4;1979-08-24;8621
1478;1;2;2;1987-02-02;8793
1479;4;2;2;1989-03-31;4541
1480;1;2;1;1970-01-03;17057
1481;1;2;2;1974-11-30;14015
1482;2;5;4;1980-01-17;7946
1483;3;1;1;1975-10-06;13701
1484;3;1;4;1992-11-04;3764
1485;3;2;4;1994-10-14;4647
1486;2;1;1;1990-07-15;4848
1487;2;2;2;1997-09-09;3700
1488;2;3;2;1987-01-08;8938
1489;2;2;2;1988-09-06;6277
1490;2;2;3;1997-04-23;5454
1491;2;1;2;1993-09-24;3277
1492;2;3;2;1987-07-24;5156
1493;2;2;4;1979-09-13;8211
1494;3;1;2;1987-10-03;5155
1495;2;4;2;1977-11-22;11829
1496;3;2;2;1979-08-03;8266
1497;2;2;3;1979-09-15;8257
1498;2;2;2;1970-06-13;15815
1499;2;2;2;1988-07-01;9734
1500;3;2;2;1991-11-29;4039
1501;2;2;4;1993-05-15;4094
1502;2;2;2;1969-03-31;14718
1503;3;3;2;1993-11-19;6465
1504;2;3;2;1983-08-11;7930
1505;2;1;2;1984-10-07;9213
1506;3;2;2;1985-08-12;5882
1507;2;1;3;1974-04-25;10463
1508;2;2;2;1982-04-04;9988
1509;3;2;4;1992-04-07;4585
1510;2;2;4;1982-04-30;10168
1511;2;5;4;1990-02-16;4264
1512;1;3;2;1986-12-26;5418
1513;4;2;4;1988-03-06;5935
1514;3;2;3;1997-07-23;5189
1515;3;5;4;1989-03-29;4661
1516;3;1;2;1996-09-02;4725
1517;3;2;2;1973-02-20;12341
1518;1;1;4;1981-08-31;7967
1519;2;2;3;1986-09-10;8391
1520;3;1;1;1991-02-17;5299
1521;2;1;1;1997-12-11;3227
1522;2;2;2;1980-04-20;9113
1523;2;2;4;1973-01-21;18311
1524;2;2;3;1984-11-27;5031
1525;3;2;4;1996-08-14;5508
1526;2;2;3;1990-08-03;5859
1527;3;5;2;1997-06-20;4962
1528;2;2;4;1992-12-24;6502
1529;1;4;2;1979-01-29;9386
1530;3;3;4;1985-07-03;8181
1531;3;1;1;1976-05-11;10027
1532;2;2;4;1984-01-24;9745
1533;2;2;4;1973-09-22;17105
1534;2;2;4;1992-04-04;5897
1535;1;2;3;1969-06-27;16108
1536;2;5;4;1994-03-11;4852
1537;3;2;4;1993-04-19;5357
1538;3;2;2;1993-05-26;7886
1539;3;5;2;1974-01-01;11069
1540;2;2;4;1988-12-04;5641
1541;2;2;2;1976-01-28;14051
1542;3;2;4;1984-02-07;9284
1543;2;1;4;1991-10-04;3757
1544;2;3;2;1981-01-05;13430
1545;3;1;1;1984-11-07;4118
1546;3;2;3;1981-05-27;10446
1547;3;2;3;1986-02-10;8303
1548;1;2;4;1973-05-26;18879
1549;1;2;1;1995-03-08;3807
1550;2;1;4;1977-01-26;9764
1551;3;2;2;1979-10-11;10575
1552;2;2;4;1983-04-19;8181
1553;2;2;1;1974-01-17;11893
1554;2;1;1;1997-04-10;3929
1555;1;2;2;1984-05-01;8086
1556;3;2;2;1990-08-01;7785
1557;3;2;3;1986-02-12;6646
1558;3;2;2;1983-10-31;11966
1559;1;2;2;1987-06-21;8794
1560;2;5;2;1986-07-04;5279
1561;2;1;4;1990-11-30;3404
1562;3;2;2;1993-01-07;6175
1563;2;2;3;1978-04-23;14955
1564;2;2;2;1976-11-15;10947
1565;3;2;2;1990-12-07;4554
1566;1;1;1;1989-12-21;4656
1567;4;2;3;1986-02-23;6672
1568;3;3;2;1989-01-26;5913
1569;2;1;2;1994-08-13;3080
1570;3;2;2;1990-04-22;6587
1571;3;2;2;1996-05-22;4812
1572;4;5;2;1978-06-20;14882
1573;2;2;2;1979-07-18;9219
1574;4;2;3;1984-05-19;8445
1575;3;5;2;1975-12-27;13023
1576;2;2;2;1986-10-04;8081
1577;2;2;2;1980-03-14;7134
1578;2;2;2;1991-04-17;6135
1579;2;2;4;1987-01-03;8003
1580;2;2;2;1996-01-31;5529
1581;2;3;1;1979-11-30;13350
1582;1;2;2;1982-06-23;10743
1583;3;2;4;1983-03-02;8266
1584;2;3;3;1990-04-15;5667
1585;2;5;2;1988-07-14;6344
1586;2;2;2;1977-03-11;12878
1587;2;2;1;1990-07-23;6004
1588;1;1;3;1991-01-13;3707
1589;1;2;3;1980-05-06;9185
1590;3;2;3;1987-06-29;9812
1591;3;4;3;1973-06-25;22440
1592;3;2;1;1983-12-09;7462
1593;2;2;4;1992-08-29;4465
1594;3;2;4;1992-07-13;4261
1595;2;2;2;1995-03-22;4893
1596;1;2;4;1998-02-03;5641
1597;2;5;2;1981-04-22;9567
1598;2;2;3;1980-10-09;11019
1599;2;2;4;1994-06-16;5238
1600;1;2;2;1986-10-12;7078
1601;3;1;2;1997-10-25;4675
1602;2;2;1;1984-07-20;8720
1603;1;5;4;1983-09-19;7564
1604;3;4;2;1974-03-03;10566
1605;3;2;4;1976-10-07;13823
1606;3;2;2;1995-05-12;5295
1607;2;1;4;1996-06-19;3908
1608;3;2;2;1993-08-21;5048
1609;4;1;2;1979-04-09;8619
1610;1;2;4;1993-04-12;6462
1611;3;5;4;1990-01-29;4117
1612;2;5;4;1995-10-21;4680
1613;3;1;2;1974-04-05;8604
1614;3;1;3;1985-01-10;7263
1615;2;1;4;1985-09-03;8472
1616;2;2;2;1984-08-21;5572
1617;3;2;1;1989-07-14;6505
1618;2;2;2;1990-07-12;5893
1619;3;2;4;1985-10-04;9341
1620;2;2;2;1980-05-23;7510
1621;2;5;4;1992-06-02;5806
1622;3;5;2;1996-06-03;3651
1623;2;5;4;1989-04-03;4231
1624;3;1;1;1992-04-03;3373
1625;4;2;2;1992-02-23;4369
1626;3;5;2;1987-11-13;5052
1627;3;2;4;1995-12-12;4642
1628;2;2;2;1986-08-10;8919
1629;2;3;1;1992-05-10;4759
1630;2;2;2;1998-09-21;3735
1631;4;1;1;1984-01-13;5648
1632;2;2;3;1978-05-05;12701
1633;3;5;2;1984-09-12;5788
1634;3;2;2;1993-01-28;7248
1635;2;2;2;1980-02-08;9831
1636;2;5;4;1980-12-01;6434
1637;3;1;4;1989-06-26;4072
1638;3;2;4;1991-05-10;7944
1639;3;2;3;1980-11-06;10213
1640;3;1;2;1988-01-09;4157
1641;2;1;4;1986-11-04;5583
1642;2;1;2;1990-11-15;5785
1643;4;2;2;1979-05-26;8845
1644;2;2;2;1979-12-29;8081
1645;3;5;2;1974-12-21;14487
1646;3;2;2;1981-04-18;9794
1647;2;2;4;1990-04-06;5929
1648;2;1;4;1990-10-11;3605
1649;3;2;4;1990-03-12;5869
1650;3;5;4;1990-10-19;5190
1651;1;2;4;1985-11-11;8701
1652;2;2;3;1970-08-03;17687
1653;2;1;3;1988-09-21;9401
1654;2;5;2;1991-12-27;5144
1655;1;2;2;1986-09-09;5378
1656;3;2;4;1998-04-03;3071
1657;2;5;4;1989-12-10;5111
1658;2;2;1;1982-08-01;11652
1659;3;5;4;1987-08-10;7853
1660;2;2;3;1974-02-22;14647
1661;4;2;4;1990-03-03;4878
1662;3;4;2;1972-11-28;20400
1663;2;2;2;1990-03-27;5603
1664;2;1;4;1975-01-03;13226
1665;2;3;2;1981-09-18;12799
1666;1;5;2;1987-04-29;7504
1667;2;2;2;1991-04-14;5752
1668;2;2;4;1969-02-22;12601
1669;2;2;2;1991-09-15;7522
1670;2;2;2;1984-07-30;7672
1671;2;5;4;1978-02-24;11676
1672;2;4;2;1977-09-02;17463
1673;2;2;1;1981-02-25;10124
1674;3;2;4;1991-04-05;7697
1675;2;4;4;1977-07-04;15862
1676;2;2;2;1973-04-17;13392
1677;3;2;1;1971-07-15;15269
1678;3;2;1;1973-04-20;16537
1679;2;1;4;1992-05-22;5499
1680;3;2;2;1988-10-02;8122
1681;2;3;2;1990-11-29;5683
1682;3;2;4;1984-06-22;9157
1683;2;4;2;1974-04-30;10261
1684;3;1;2;1984-12-18;7542
1685;2;2;3;1980-04-19;10040
1686;2;2;2;1987-07-24;9437
1687;2;5;4;1979-10-27;6108
1688;3;2;4;1985-01-07;8887
1689;2;5;4;1990-03-01;4545
1690;2;2;2;1983-11-29;8551
1691;4;5;4;1988-10-05;7766
1692;2;2;1;1971-10-04;12446
1693;3;2;4;1986-09-06;5463
1694;2;5;2;1984-06-09;5530
1695;2;2;2;1979-06-12;9430
1696;3;1;1;1984-10-06;5461
1697;1;2;3;1986-08-25;9190
1698;2;2;3;1995-02-26;5534
1699;4;2;2;1995-12-21;4405
1700;3;1;3;1975-06-20;13684
1701;3;1;3;1984-06-27;9887
1702;2;1;4;1984-03-07;7042
1703;3;2;1;1987-05-11;8360
1704;2;3;2;1990-01-01;6129
1705;2;1;1;1989-05-28;5957
1706;2;2;3;1993-01-13;7994
1707;2;2;4;1980-12-30;10011
1708;3;2;2;1991-11-01;5095
1709;3;5;2;1982-09-27;8692
1710;3;2;1;1994-07-21;5120
1711;2;2;2;1993-06-28;6846
1712;2;2;3;1989-09-21;4642
1713;2;2;2;1993-06-30;4884
1714;3;1;3;1993-06-13;5347
1715;3;1;4;1985-02-06;6004
1716;1;3;1;1989-06-30;6875
1717;2;2;4;1997-02-05;5208
1718;3;5;2;1974-02-02;13752
1719;1;2;2;1974-11-29;11861
1720;3;2;4;1970-08-24;18908
1721;2;5;2;1987-04-11;5921
1722;3;5;2;1976-02-11;11538
1723;2;5;4;1984-07-08;6027
1724;2;2;1;1981-04-28;8693
1725;2;2;2;1988-08-28;8260
1726;2;1;3;1993-11-30;5555
1727;3;2;2;1979-04-03;8869
1728;1;1;4;1982-12-27;9359
1729;3;4;2;1994-10-15;6183
1730;2;2;2;1989-09-18;6592
1731;2;2;2;1992-02-20;4718
1732;2;2;4;1974-07-16;14494
1733;3;2;2;1989-06-10;6040
1734;4;3;1;1987-02-12;8255
1735;4;2;3;1988-11-18;9382
1736;3;5;4;1986-02-13;7112
1737;2;2;2;1984-02-18;7610
1738;3;2;4;1980-04-26;9420
1739;1;1;3;1983-03-01;9656
1740;3;5;2;1977-03-11;8614
1741;4;2;3;1996-02-06;4304
1742;3;2;4;1985-07-25;5498
1743;4;2;2;1970-09-30;17578
1744;2;5;4;1975-11-06;9641
1745;3;2;2;1997-12-12;5577
1746;3;1;2;1993-04-07;3527
1747;2;2;2;1992-11-26;5469
1748;3;2;2;1987-12-23;5770
1749;3;5;4;1985-12-02;6289
1750;3;2;4;1984-06-03;6383
1751;2;2;1;1987-12-09;6324
1752;2;2;2;1992-01-29;5074
1753;2;2;2;1993-07-25;6110
1754;2;3;2;1986-01-24;8878
1755;3;2;4;1985-02-25;7964
1756;2;5;4;1994-08-20;3737
1757;3;1;4;1988-03-24;5534
1758;3;2;3;1987-08-30;9323
1759;3;4;3;1977-10-13;14702
1760;2;2;2;1988-02-21;9444
1761;1;2;2;1980-12-03;8158
1762;3;1;1;1988-11-02;4256
1763;1;2;3;1990-02-22;4196
1764;3;2;4;1997-07-04;3673
1765;3;2;2;1973-10-12;16390
1766;2;5;2;1987-11-22;6556
1767;3;5;2;1982-01-30;7069
1768;3;1;4;1982-12-20;10086
1769;2;2;2;1985-08-22;7796
1770;1;5;2;1975-07-03;13681
1771;2;2;3;1992-02-12;7696
1772;1;2;2;1993-11-02;6387
1773;3;1;4;1986-09-21;8716
1774;1;2;2;1974-05-07;14547
1775;3;4;2;1977-02-22;16033
1776;3;2;3;1993-07-26;4706
1777;2;2;1;1993-09-17;6910
1778;2;2;1;1982-10-28;10441
1779;3;2;4;1983-07-24;8833
1780;2;5;4;1979-07-12;6152
1781;4;2;2;1989-09-03;5442
1782;2;3;4;1983-10-20;9884
1783;3;2;2;1998-06-29;4842
1784;3;2;1;1978-11-09;14350
1785;2;2;1;1998-01-30;5445
1786;2;2;4;1986-02-02;9846
1787;1;5;4;1992-06-05;4351
1788;2;5;2;1992-01-21;5667
1789;1;1;4;1989-12-29;5804
1790;1;2;4;1982-03-09;8175
1791;3;2;2;1991-03-10;7445
1792;2;2;2;1994-09-18;5223
1793;3;2;2;1988-03-19;5048
1794;2;2;2;1972-10-27;13612
1795;2;2;4;1995-12-23;3178
1796;2;1;2;1992-05-31;4597
1797;3;2;3;1989-10-19;4197
1798;2;1;4;1987-10-30;8668
1799;1;2;4;1987-05-05;9480
1800;2;1;2;1975-06-24;11855
1801;2;2;2;1984-11-11;6077
1802;4;3;2;1991-10-26;5806
1803;3;1;4;1990-05-19;5585
1804;2;2;1;1982-09-07;11966
1805;2;2;1;1980-07-03;11476
1806;3;2;2;1993-11-27;4433
1807;3;4;2;1979-02-26;13378
1808;4;5;4;1979-07-27;9211
1809;3;2;1;1979-09-30;10418
1810;1;2;3;1982-09-26;9119
1811;2;2;3;1978-06-07;14381
1812;2;3;4;1984-08-14;9575
1813;3;2;3;1979-04-12;10531
1814;2;3;2;1981-07-14;12433
1815;1;5;2;1987-02-16;6985
1816;2;3;2;1991-08-12;5937
1817;2;2;2;1993-08-15;5552
1818;3;2;2;1980-01-13;7985
1819;2;2;4;1981-01-02;9695
1820;3;2;2;1992-08-20;5000
1821;2;5;2;1984-08-03;6361
1822;2;1;4;1989-07-23;5903
1823;2;2;2;1986-07-26;6625
1824;3;2;3;1993-01-04;7316
1825;2;2;2;1980-07-15;9398
1826;3;3;3;1990-08-10;4905
1827;2;2;3;1970-07-19;16292
1828;2;2;2;1983-12-12;10630
1829;3;2;4;1987-04-30;9703
1830;1;2;2;1989-04-15;4560
1831;3;5;4;1987-07-04;6759
1832;2;2;2;1996-09-27;4019
1833;4;2;3;1998-08-25;4154
1834;3;3;2;1990-05-13;5559
1835;3;2;4;1995-08-05;4491
1836;2;5;2;1987-02-17;5636
1837;3;2;3;1985-10-20;8967
1838;3;3;2;1993-02-13;5311
1839;2;5;2;1990-02-22;4112
1840;2;2;3;1991-04-01;5345
1841;3;4;1;1980-03-25;8361
1842;3;2;3;1974-01-19;10253
1843;2;2;2;1979-03-11;7323
1844;1;2;4;1992-04-05;5552
1845;2;2;4;1977-06-19;14923
1846;2;2;3;1971-11-02;14502
1847;3;3;4;1980-09-11;12494
1848;4;2;2;1986-11-17;9846
1849;3;2;2;1984-12-17;6025
1850;3;2;2;1978-11-24;14212
1851;3;2;4;1997-02-01;5974
1852;2;3;2;1978-09-11;13155
1853;2;2;2;1975-04-04;12394
1854;4;2;1;1985-03-28;7696
1855;3;2;2;1984-03-20;6484
1856;2;2;2;1988-08-07;6897
1857;2;2;2;1981-05-24;8031
1858;2;2;1;1988-01-16;8101
1859;4;2;4;1986-10-11;7986
1860;3;1;4;1990-11-12;5502
1861;3;2;2;1978-03-05;11212
1862;2;2;3;1983-07-15;10277
1863;2;5;4;1994-11-05;3994
1864;3;4;2;1983-03-22;9878
1865;2;2;4;1970-03-26;18988
1866;3;2;1;1988-03-16;9493
1867;1;2;2;1979-12-11;7727
1868;2;2;2;1982-03-26;11376
1869;3;2;4;1981-01-17;8750
1870;4;2;2;1992-08-21;4408
1871;2;1;4;1986-03-05;7147
1872;3;2;2;1993-02-22;6178
1873;2;5;4;1976-04-07;8088
1874;2;2;3;1993-07-31;6596
1875;4;2;1;1991-06-25;5554
1876;1;2;2;1971-06-01;12908
1877;2;5;4;1976-09-12;12309
1878;3;2;2;1987-08-28;8112
1879;1;2;2;1984-12-15;6174
1880;3;2;2;1991-02-13;5497
1881;2;5;2;1986-10-20;5142
1882;2;2;3;1998-12-26;3225
1883;3;2;4;1986-02-11;8373
1884;3;2;3;1993-11-11;5428
1885;2;2;2;1980-11-07;7193
1886;2;3;2;1991-10-27;4560
1887;2;1;1;1989-12-05;4862
1888;3;2;4;1979-10-09;7126
1889;2;5;2;1984-08-10;7584
1890;1;2;3;1991-06-15;6150
1891;2;3;2;1984-04-07;7437
1892;2;2;2;1989-04-24;6850
1893;2;2;2;1988-04-28;7623
1894;2;2;2;1969-12-17;16483
1895;3;2;3;1984-10-28;9001
1896;2;2;2;1978-07-06;14448
1897;2;2;2;1976-10-11;13134
1898;2;2;3;1993-07-22;6704
1899;4;2;2;1974-04-09;10121
1900;2;5;2;1976-05-06;9035
1901;2;2;2;1987-05-12;6976
1902;3;5;2;1983-09-22;6855
1903;2;5;2;1984-08-31;5064
1904;3;2;2;1989-06-01;7565
1905;4;3;4;1986-10-22;6965
1906;4;1;1;1978-08-23;11956
1907;2;2;2;1978-10-20;13951
1908;4;2;2;1972-12-26;17825
1909;2;2;2;1984-09-11;6087
1910;3;3;1;1982-09-20;10191
1911;2;5;2;1996-02-20;3819
1912;2;2;2;1973-10-21;13292
1913;3;2;4;1985-02-18;7797
1914;1;5;2;1974-05-29;8664
1915;4;2;3;1990-06-29;6728
1916;3;1;4;1980-03-11;8668
1917;2;2;4;1971-12-30;15538
1918;2;1;3;1987-03-09;9068
1919;1;2;2;1993-11-14;5152
1920;1;2;2;1972-10-12;13530
1921;2;2;3;1983-09-21;11970
1922;3;2;1;1984-02-09;7738
1923;3;4;2;1976-11-05;14796
1924;2;2;2;1982-12-05;11741
1925;1;4;2;1974-04-26;19738
1926;2;2;3;1985-01-21;8272
1927;3;2;4;1997-10-09;5739
1928;2;1;1;1985-05-26;7510
1929;2;2;4;1994-04-12;3038
1930;4;2;4;1981-03-23;7213
1931;2;2;4;1974-09-30;11540
1932;3;4;2;1993-08-31;9261
1933;3;2;4;1987-07-31;7904
1934;2;5;2;1974-05-19;10761
1935;3;1;4;1983-11-05;11231
1936;4;2;2;1984-01-31;9405
1937;3;2;2;1980-02-24;8303
1938;2;2;1;1969-04-19;13840
1939;3;3;4;1985-01-21;8516
1940;2;2;2;1982-04-20;11528
1941;2;2;2;1984-07-24;6232
1942;3;5;2;1995-12-01;4285
1943;3;4;2;1975-09-23;18327
1944;3;3;2;1974-07-26;13779
1945;2;2;2;1990-01-19;5070
1946;1;2;4;1983-07-27;8350
1947;2;1;2;1990-02-28;4913
1948;2;2;2;1993-04-30;7013
1949;4;3;3;1985-12-01;5912
1950;4;1;1;1988-01-02;6076
1951;4;2;2;1974-11-13;14177
1952;1;2;4;1976-10-15;10609
1953;4;5;4;1993-04-13;4961
1954;2;2;4;1985-12-24;5435
1955;3;2;2;1987-05-17;5176
1956;2;5;2;1981-07-29;9306
1957;3;2;4;1990-02-17;4974
1958;3;2;2;1982-09-06;10163
1959;2;1;1;1976-02-18;14629
1960;3;5;4;1982-09-24;7160
1961;2;2;1;1986-06-09;6050
1962;4;2;4;1974-01-25;11807
1963;2;2;2;1983-05-07;7227
1964;2;2;2;1994-01-03;5583
1965;2;1;4;1996-04-30;4402
1966;2;1;3;1986-12-10;7387
1967;2;2;2;1992-09-03;6778
1968;1;5;4;1990-07-22;4810
1969;2;2;2;1987-09-07;7141
1970;2;1;4;1986-08-19;6982
1971;2;2;2;1998-02-11;4612
1972;2;1;2;1974-11-02;8129
1973;3;5;4;1991-12-02;5386
1974;3;5;4;1989-12-09;5866
1975;3;5;4;1984-10-06;7206
1976;2;5;4;1984-08-22;7138
1977;2;1;1;1993-11-17;4024
1978;3;1;2;1986-02-18;9374
1979;2;5;2;1984-04-08;7621
1980;3;2;2;1987-07-14;5069
1981;2;2;4;1987-07-13;5281
1982;4;1;3;1991-05-18;5676
1983;2;2;2;1990-12-10;4554
1984;2;2;2;1983-12-31;8242
1985;2;4;2;1983-11-10;8947
1986;2;1;4;1991-02-02;3860
1987;3;2;2;1988-09-27;7271
1988;2;1;1;1990-06-05;5493
1989;4;2;2;1988-08-15;5772
1990;3;2;2;1988-11-25;6438
1991;1;1;2;1993-08-26;4804
1992;3;2;3;1977-11-26;14554
1993;2;2;4;1990-08-02;6651
1994;2;2;3;1988-04-01;9996
1995;3;2;2;1984-09-13;8988
1996;2;2;2;1990-06-08;6021
1997;2;2;1;1993-03-18;4355
1998;3;2;4;1993-11-08;5679
1999;1;5;2;1975-02-12;11973
2000;2;2;2;1984-08-14;9145
2001;2;2;4;1989-01-08;7720
2002;3;2;2;1986-02-19;9519
2003;3;2;2;1972-05-23;18564
2004;3;2;3;1990-11-18;6721
2005;4;2;2;1987-11-18;6182
2006;2;1;4;1974-07-06;14584
2007;2;2;4;1974-10-24;14035
2008;2;1;3;1982-12-04;8476
2009;2;1;2;1992-03-27;4248
2010;2;3;2;1997-06-16;3551
2011;2;2;2;1970-10-23;18680
2012;2;5;2;1990-04-25;4074
2013;3;1;2;1994-10-21;3083
2014;1;1;2;1997-05-19;3839
2015;3;2;3;1993-09-27;6128
2016;3;2;2;1992-06-12;4766
2017;2;2;2;1972-03-08;18136
2018;2;5;4;1988-07-07;7832
2019;2;1;4;1987-03-01;6474
2020;1;2;2;1987-04-04;9334
2021;2;2;1;1984-12-04;6820
2022;1;2;4;1985-03-16;8586
2023;2;1;2;1986-07-06;5362
2024;2;1;2;1974-07-05;11685
2025;2;5;4;1984-06-29;5211
2026;2;3;2;1989-12-11;4844
2027;2;1;3;1986-05-29;4449
2028;2;2;3;1992-02-25;6535
2029;1;3;4;1990-04-20;4717
2030;3;3;2;1991-10-10;5056
2031;1;2;2;1973-10-30;18972
2032;2;5;2;1987-10-22;6436
2033;4;2;4;1988-04-27;8466
2034;2;2;2;1993-07-21;4722
2035;2;3;2;1989-09-17;6949
2036;2;4;2;1971-09-13;21869
2037;3;3;3;1987-09-30;8163
2038;3;2;2;1975-04-23;14392
2039;3;2;2;1990-11-26;7322
2040;3;2;4;1981-11-29;10696
2041;2;3;3;1990-05-09;6887
2042;2;2;2;1992-08-08;4813
2043;2;2;4;1992-07-27;5585
2044;3;2;4;1981-04-07;11124
2045;3;5;4;1990-01-25;4673
2046;3;2;4;1989-12-01;6883
2047;4;5;2;1989-05-19;5021
2048;3;2;3;1972-07-22;13279
2049;2;5;2;1987-09-09;5958
2050;3;1;4;1984-05-19;9769
2051;3;1;4;1992-08-05;3129
2052;3;2;2;1989-09-30;4951
2053;3;1;4;1979-05-21;11151
2054;3;2;2;1994-11-18;5927
2055;1;2;2;1986-01-06;5928
2056;2;3;4;1987-10-12;8999
2057;2;4;3;1977-06-07;16694
2058;2;5;4;1992-11-29;4979
2059;3;2;1;1971-07-05;13504
2060;4;3;3;1986-09-28;4878
2061;2;2;3;1995-03-30;4739
2062;1;1;2;1995-11-11;3612
2063;3;1;4;1984-10-31;9299
2064;2;5;2;1992-01-27;4375
2065;1;2;2;1991-06-16;6956
2066;2;1;2;1975-05-04;14587
2067;2;5;4;1977-09-03;8987
2068;2;5;4;1988-11-24;7548
2069;3;1;4;1985-01-20;9707
2070;3;5;2;1998-09-07;3096
2071;3;2;2;1979-06-30;10173
2072;2;2;2;1981-01-20;11476
2073;2;2;1;1984-11-27;7540
2074;2;2;2;1980-03-31;11510
2075;2;2;2;1995-07-01;5572
2076;3;5;4;1978-01-05;13897
2077;3;2;2;1983-06-23;11700
2078;2;2;3;1993-10-26;6843
2079;2;2;2;1985-03-07;9988
2080;3;5;2;1987-03-14;7274
2081;1;2;2;1969-05-08;14471
2082;2;2;2;1985-11-06;8228
2083;3;5;4;1975-09-18;13525
2084;2;2;2;1971-11-12;13628
2085;1;2;4;1986-04-14;7525
2086;2;2;4;1982-09-06;7099
2087;2;5;4;1974-01-25;10394
2088;3;3;2;1982-10-20;12317
2089;2;2;3;1980-04-11;8933
2090;2;2;2;1992-04-24;6737
2091;2;2;3;1988-01-26;7840
2092;2;1;4;1992-02-09;5477
2093;3;2;1;1969-08-25;14418
2094;3;5;2;1975-09-30;14209
2095;2;1;3;1974-02-14;14619
2096;3;1;3;1988-11-09;5635
2097;2;2;3;1980-09-16;7000
2098;3;2;4;1989-11-22;5387
2099;1;2;3;1992-05-16;6470
2100;3;2;1;1996-05-30;3991
2101;3;2;2;1987-12-21;7700
2102;2;2;2;1969-07-31;15050
2103;3;5;4;1982-02-01;9758
2104;2;2;2;1988-05-01;9069
2105;3;2;4;1998-11-02;4940
2106;2;2;2;1990-01-01;4355
2107;1;1;4;1978-10-24;9361
2108;2;2;4;1981-08-18;10361
2109;3;2;3;1976-11-28;14947
2110;3;2;2;1990-11-11;5363
2111;2;2;2;1983-12-16;7791
2112;2;4;3;1979-01-08;10319
2113;3;3;2;1991-08-20;4602
2114;2;2;4;1976-03-14;10633
2115;3;2;1;1987-05-14;6460
2116;4;4;2;1983-06-14;13656
2117;2;5;4;1989-09-05;5064
2118;2;4;4;1974-11-11;10068
2119;4;1;4;1984-11-30;8366
2120;3;1;4;1998-08-01;4817
2121;2;1;2;1984-02-19;4725
2122;2;2;2;1969-06-11;17254
2123;3;2;1;1986-03-14;9598
2124;2;1;4;1989-06-30;3048
2125;4;2;2;1992-01-14;7481
2126;1;2;3;1990-03-09;6328
2127;3;2;3;1987-04-20;5257
2128;3;2;3;1984-07-07;7655
2129;4;2;3;1970-02-25;14553
2130;3;2;2;1985-12-28;5477
2131;1;1;4;1992-02-08;4818
2132;2;1;2;1992-05-01;5197
2133;2;2;2;1977-11-09;12738
2134;2;1;1;1992-05-06;4279
2135;2;3;2;1983-08-06;13441
2136;1;5;4;1976-11-13;13921
2137;3;2;3;1981-02-06;9186
2138;3;3;4;1981-08-28;15904
2139;3;2;3;1989-08-27;6798
2140;3;2;2;1992-10-13;7321
2141;2;2;2;1982-01-25;8196
2142;3;2;2;1980-11-29;9951
2143;4;2;4;1992-08-12;7935
2144;3;2;4;1990-10-24;5164
2145;3;2;4;1973-04-23;19727
2146;2;2;1;1993-11-04;4416
2147;1;4;3;1976-02-16;14134
2148;3;2;2;1982-02-10;9884
2149;4;1;4;1992-05-16;3516
2150;2;2;3;1992-06-17;7767
2151;3;2;4;1987-07-24;8154
2152;2;2;2;1986-06-22;5920
2153;2;2;4;1971-08-21;12163
2154;2;2;4;1985-10-18;8176
2155;2;5;2;1991-06-01;4902
2156;1;3;2;1993-05-17;6279
2157;3;5;4;1989-08-02;4445
2158;3;2;2;1974-07-28;11242
2159;2;2;3;1970-10-29;19054
2160;2;2;2;1989-04-29;6394
2161;4;2;2;1977-04-16;12385
2162;2;5;4;1985-08-16;7628
2163;3;2;1;1991-11-03;5813
2164;2;2;2;1992-04-20;6647
2165;3;2;2;1978-04-10;13982
2166;3;5;4;1981-02-09;10006
2167;3;3;1;1991-12-31;4764
2168;3;5;2;1997-11-26;3719
2169;2;2;4;1990-05-28;5982
2170;3;5;4;1979-01-23;7662
2171;1;3;2;1991-09-26;6355
2172;2;2;2;1989-06-23;7604
2173;4;4;2;1978-07-27;13558
2174;2;2;2;1984-09-25;6876
2175;2;1;4;1980-01-05;10914
2176;3;2;2;1980-02-29;8141
2177;2;4;2;1983-12-12;11522
2178;2;2;2;1991-09-01;6363
2179;3;2;2;1980-06-09;9836
2180;2;2;2;1980-10-12;10183
2181;2;2;4;1976-03-10;13278
2182;3;2;2;1983-09-27;9600
2183;2;4;2;1979-04-20;11883
2184;3;2;2;1984-04-08;9277
2185;1;2;4;1971-03-25;12599
2186;3;5;2;1990-01-23;5315
2187;2;1;3;1992-01-28;3261
2188;2;2;1;1986-08-30;5147
2189;2;2;2;1976-01-27;13663
2190;1;3;2;1979-12-30;13939
2191;2;2;2;1969-10-26;14406
2192;2;5;4;1979-05-06;6472
2193;2;2;1;1992-04-16;6702
2194;2;1;3;1981-08-15;9996
2195;3;2;1;1984-08-26;5045
2196;1;2;2;1991-07-11;5408
2197;3;5;4;1993-10-13;5667
2198;1;2;1;1979-10-18;11024
2199;1;2;2;1981-03-04;9192
2200;3;2;4;1987-12-23;5418
2201;1;2;4;1989-11-16;5949
2202;4;1;1;1992-06-09;3269
2203;2;4;2;1983-08-27;13606
2204;2;2;2;1981-02-13;9800
2205;4;2;4;1984-10-16;6884
2206;3;2;1;1989-01-06;4436
2207;2;2;4;1969-06-27;18964
2208;1;2;2;1989-12-09;7357
2209;3;3;4;1989-05-02;5778
2210;3;2;4;1975-06-11;14433
2211;3;3;4;1978-01-22;14928
2212;3;1;3;1989-04-11;4433
2213;2;5;2;1982-11-22;6257
2214;3;5;2;1985-07-14;6073
2215;3;2;2;1986-12-03;5424
2216;4;2;2;1979-09-27;11438
2217;3;2;4;1981-07-21;9032
2218;2;2;1;1997-10-17;5227
2219;2;2;2;1979-06-04;9178
2220;2;5;4;1986-06-28;6574
2221;3;5;2;1985-03-28;6838
2222;3;2;3;1984-06-12;8806
2223;2;5;4;1993-12-16;4336
2224;3;2;2;1987-11-26;5403
2225;2;2;2;1971-12-28;17774
2226;1;5;4;1981-06-30;8195
2227;3;2;3;1993-08-17;4581
2228;2;2;2;1989-04-26;7359
2229;2;5;2;1976-12-12;13385
2230;2;4;2;1970-08-21;19618
2231;2;1;2;1984-02-25;5698
2232;1;1;1;1986-12-08;6738
2233;2;1;3;1987-01-31;5700
2234;2;2;1;1987-12-14;6385
2235;3;2;1;1996-06-07;3254
2236;3;3;2;1982-01-04;11096
2237;3;2;2;1997-06-08;3863
2238;3;2;3;1981-02-03;9473
2239;3;3;4;1982-03-19;7226
2240;2;1;2;1983-12-06;8233
2241;3;2;2;1980-05-03;11944
2242;2;1;1;1984-01-16;8066
2243;2;2;4;1981-07-09;11865
2244;3;5;2;1986-12-17;6598
2245;2;5;2;1990-04-11;5971
2246;4;5;4;1979-10-07;8539
2247;2;2;2;1980-12-30;9911
2248;4;1;4;1974-05-02;11475
2249;1;2;3;1969-09-27;13281
2250;1;2;2;1997-09-09;4627
2251;2;2;3;1982-01-19;11461
2252;2;3;3;1989-07-29;4011
2253;1;2;2;1971-12-30;13326
2254;3;5;2;1989-10-10;5740
2255;3;3;4;1991-02-06;5053
2256;1;2;4;1989-12-21;5215
2257;2;2;2;1986-11-20;9672
2258;1;1;4;1978-12-08;9028
2259;2;2;2;1992-09-30;4631
2260;1;2;2;1985-09-03;9178
2261;1;1;2;1984-04-19;4138
2262;2;5;2;1988-11-25;5669
2263;1;2;2;1984-02-09;7012
2264;4;2;2;1993-09-28;5867
2265;1;2;2;1980-10-14;11149
2266;3;2;3;1991-04-14;6296
2267;3;2;2;1984-06-27;7891
2268;2;2;3;1997-06-06;4876
2269;2;2;4;1977-08-03;12840
2270;2;2;1;1982-08-30;10778
2271;2;3;2;1986-03-21;4123
2272;3;5;2;1977-06-02;9984
2273;3;1;1;1991-08-06;3190
2274;3;2;2;1991-10-08;4542
2275;2;4;2;1970-12-20;21729
2276;2;2;4;1986-06-29;8779
2277;2;2;3;1990-05-22;7728
2278;3;2;4;1975-04-30;11861
2279;2;2;4;1988-08-04;9219
2280;2;1;4;1977-12-29;14686
2281;4;5;4;1981-03-09;9200
2282;3;2;1;1997-08-20;4051
2283;1;4;2;1976-01-30;19364
2284;3;1;4;1987-09-17;6230
2285;4;2;2;1994-09-27;4271
2286;3;2;3;1972-11-30;12297
2287;3;5;4;1992-01-27;5543
2288;2;2;1;1988-10-30;8051
2289;1;2;2;1975-10-09;13855
2290;2;2;2;1984-09-04;9193
2291;3;5;4;1983-06-17;7698
2292;2;2;3;1990-09-28;6911
2293;2;2;4;1972-01-21;14566
2294;2;1;3;1993-02-10;3118
2295;2;2;4;1994-02-06;4285
2296;3;5;2;1983-04-08;10714
2297;4;2;2;1983-07-08;10011
2298;3;2;3;1980-04-23;11464
2299;3;1;4;1990-01-16;3705
2300;4;2;1;1981-09-19;11107
2301;1;2;2;1991-08-15;7864
2302;4;3;4;1982-09-17;15036
2303;2;2;3;1989-12-25;5873
2304;3;3;4;1989-05-26;6329
2305;4;2;2;1990-07-21;7233
2306;1;1;4;1990-01-17;5623
2307;3;2;3;1984-09-06;7820
2308;1;1;3;1984-10-21;6951
2309;2;2;2;1997-01-21;4068
2310;2;2;2;1974-09-14;14982
2311;4;2;3;1990-04-17;4630
2312;4;2;2;1993-06-22;5259
2313;3;5;4;1987-07-04;5228
2314;3;2;1;1987-01-12;9001
2315;3;2;4;1973-06-24;12279
2316;1;1;2;1990-11-03;3039
2317;3;2;2;1988-12-18;6962
2318;2;4;3;1974-09-22;15339
2319;3;1;3;1988-10-22;8470
2320;2;2;2;1997-03-03;3051
2321;2;1;3;1987-02-03;9744
2322;1;2;2;1985-01-07;7672
2323;4;3;2;1991-03-20;6620
2324;4;5;2;1996-08-14;4402
2325;2;5;2;1984-08-11;5398
2326;2;1;2;1977-11-30;8158
2327;2;3;2;1987-03-01;4807
2328;2;2;4;1983-08-03;7978
2329;2;2;1;1971-12-02;18867
2330;3;5;2;1982-12-11;10130
2331;3;2;1;1993-12-15;6061
2332;2;2;3;1993-11-06;6402
2333;1;5;4;1988-08-13;5387
2334;2;2;2;1985-04-11;9180
2335;3;2;2;1981-08-20;7443
2336;3;2;1;1984-05-14;9822
2337;2;3;2;1984-02-16;7042
2338;4;2;2;1992-06-22;6852
2339;2;1;4;1979-02-10;9507
2340;2;1;3;1989-04-28;4165
2341;2;2;1;1987-06-22;5680
2342;3;2;3;1973-08-18;15506
2343;3;2;2;1992-07-10;5856
2344;2;1;1;1984-08-22;6952
2345;3;2;2;1990-03-19;6686
2346;3;2;3;1979-11-08;7614
2347;2;2;4;1987-02-24;6901
2348;3;5;4;1992-08-26;5732
2349;2;2;1;1983-07-06;11200
2350;2;2;2;1994-01-10;3460
2351;2;2;2;1994-08-27;4947
2352;4;2;2;1976-08-12;14091
2353;2;1;2;1996-12-19;3572
2354;2;5;4;1975-09-18;9598
2355;2;2;2;1997-11-18;3162
2356;4;2;4;1984-02-26;8972
2357;2;5;4;1992-12-13;4537
2358;3;5;4;1991-12-05;5785
2359;2;5;2;1992-12-24;5407
2360;3;5;2;1986-01-24;7272
2361;1;1;4;1991-11-26;4948
2362;3;2;2;1971-05-16;18898
2363;2;1;2;1988-06-11;4946
2364;2;2;2;1992-11-02;6969
2365;2;3;2;1988-10-05;6933
2366;1;2;3;1995-07-29;3323
2367;2;2;1;1995-07-30;4199
2368;2;2;4;1973-03-21;17129
2369;3;5;2;1991-05-18;5351
2370;2;2;4;1983-12-07;9531
2371;2;5;4;1974-07-03;9096
2372;2;2;1;1991-03-24;6275
2373;2;2;2;1989-11-25;4790
2374;2;1;3;1976-10-16;10248
2375;2;2;2;1978-04-22;11476
2376;2;5;2;1986-02-05;6181
2377;2;2;3;1995-02-17;4404
2378;1;2;2;1989-02-27;4334
2379;2;5;2;1977-07-21;13692
2380;2;3;2;1981-07-08;10889
2381;2;2;1;1987-08-21;7249
2382;3;2;2;1979-08-27;8699
2383;2;5;2;1984-03-21;7393
2384;2;1;2;1990-06-08;5308
2385;1;2;2;1985-08-24;7715
2386;4;1;1;1979-10-04;10950
2387;3;1;1;1990-12-17;4864
2388;3;5;4;1992-09-28;4273
2389;3;5;4;1985-05-16;6369
2390;3;2;2;1976-11-26;11773
2391;1;2;2;1997-06-17;4986
2392;3;2;2;1989-03-13;6614
2393;3;2;4;1981-12-24;8380
2394;2;5;2;1989-05-27;4466
2395;2;2;1;1984-12-09;9992
2396;2;2;2;1984-12-10;8961
2397;3;2;2;1992-03-24;4108
2398;3;1;4;1992-06-22;4459
2399;2;2;1;1993-01-31;6456
2400;3;2;2;1981-07-16;10225
2401;2;2;2;1986-01-03;6826
2402;3;2;4;1987-05-15;7778
2403;2;2;2;1993-04-22;6415
2404;3;2;2;1981-10-15;8105
2405;3;4;2;1983-01-01;10411
2406;2;2;4;1991-10-23;7200
2407;1;2;2;1989-05-22;7080
2408;3;2;2;1981-07-27;8550
2409;2;1;4;1977-12-12;14465
2410;2;2;3;1979-06-25;8467
2411;2;1;1;1987-11-04;4196
2412;3;4;2;1984-03-11;10934
2413;2;2;2;1984-09-14;7546
2414;2;2;2;1981-07-02;10006
2415;2;2;1;1980-12-27;8512
2416;3;2;3;1987-02-06;5279
2417;3;3;2;1983-04-09;11112
2418;3;2;2;1981-01-28;7471
2419;2;2;1;1979-08-27;9913
2420;1;2;1;1987-09-14;6331
2421;3;2;2;1992-01-03;5969
2422;3;2;2;1985-08-13;7420
2423;4;2;4;1975-08-10;14877
2424;2;2;2;1992-11-13;4654
2425;3;1;4;1979-09-12;9898
2426;1;2;4;1992-11-17;5863
2427;1;5;2;1985-12-05;6117
2428;3;1;4;1993-08-08;3963
2429;2;1;2;1985-11-14;4165
2430;3;3;2;1992-08-26;4252
2431;2;2;2;1985-02-28;5146
2432;2;2;2;1991-03-18;6124
2433;1;1;1;1991-01-30;4435
2434;3;2;1;1985-08-13;5935
2435;3;3;3;1993-07-08;4630
2436;2;2;2;1969-04-21;18712
2437;2;3;4;1974-07-25;14802
2438;2;2;2;1971-11-21;15752
2439;3;3;2;1989-01-12;6861
2440;2;1;2;1989-12-05;5793
2441;3;2;3;1975-12-09;12593
2442;2;2;2;1986-05-22;6021
2443;2;2;2;1983-11-07;8716
2444;2;2;1;1984-07-09;9408
2445;3;2;2;1978-07-16;14493